Date,Count,WeekDate,WeekCount
2014-11-29,12464.0,2014-11-24,15223.0
2014-11-30,2759.0,2014-11-24,15223.0
2014-12-01,6672.0,2014-12-01,38631.0
2014-12-02,9658.0,2014-12-01,38631.0
2014-12-03,1720.0,2014-12-01,38631.0
2014-12-04,10735.0,2014-12-01,38631.0
2014-12-05,4175.0,2014-12-01,38631.0
2014-12-06,1658.0,2014-12-01,38631.0
2014-12-07,4013.0,2014-12-01,38631.0
2014-12-08,6008.0,2014-12-08,52300.0
2014-12-09,13101.0,2014-12-08,52300.0
2014-12-10,6603.0,2014-12-08,52300.0
2014-12-11,3817.0,2014-12-08,52300.0
2014-12-12,4737.0,2014-12-08,52300.0
2014-12-13,8896.0,2014-12-08,52300.0
2014-12-14,9138.0,2014-12-08,52300.0
2014-12-15,2559.0,2014-12-15,36529.0
2014-12-16,8181.0,2014-12-15,36529.0
2014-12-17,6168.0,2014-12-15,36529.0
2014-12-18,4527.0,2014-12-15,36529.0
2014-12-19,7708.0,2014-12-15,36529.0
2014-12-20,3975.0,2014-12-15,36529.0
2014-12-21,3411.0,2014-12-15,36529.0
2014-12-22,3776.0,2014-12-22,41277.0
2014-12-23,5976.0,2014-12-22,41277.0
2014-12-24,6975.0,2014-12-22,41277.0
2014-12-25,4226.0,2014-12-22,41277.0
2014-12-26,6549.0,2014-12-22,41277.0
2014-12-27,8297.0,2014-12-22,41277.0
2014-12-28,5478.0,2014-12-22,41277.0
2014-12-29,3771.0,2014-12-29,32338.0
2014-12-30,3214.0,2014-12-29,32338.0
2014-12-31,8925.0,2014-12-29,32338.0
2015-01-01,4212.0,2014-12-29,32338.0
2015-01-02,4706.0,2014-12-29,32338.0
2015-01-03,4709.0,2014-12-29,32338.0
2015-01-04,2801.0,2014-12-29,32338.0
2015-01-05,6586.0,2015-01-05,47314.0
2015-01-06,11176.0,2015-01-05,47314.0
2015-01-07,6124.0,2015-01-05,47314.0
2015-01-08,7522.0,2015-01-05,47314.0
2015-01-09,7768.0,2015-01-05,47314.0
2015-01-10,5489.0,2015-01-05,47314.0
2015-01-11,2649.0,2015-01-05,47314.0
2015-01-12,7413.0,2015-01-12,43050.0
2015-01-13,5716.0,2015-01-12,43050.0
2015-01-14,6225.0,2015-01-12,43050.0
2015-01-15,3030.0,2015-01-12,43050.0
2015-01-16,6092.0,2015-01-12,43050.0
2015-01-17,3490.0,2015-01-12,43050.0
2015-01-18,11084.0,2015-01-12,43050.0
2015-01-19,6415.0,2015-01-19,35342.0
2015-01-20,3889.0,2015-01-19,35342.0
2015-01-21,8059.0,2015-01-19,35342.0
2015-01-22,3948.0,2015-01-19,35342.0
2015-01-23,3535.0,2015-01-19,35342.0
2015-01-24,4293.0,2015-01-19,35342.0
2015-01-25,5203.0,2015-01-19,35342.0
2015-01-26,4632.0,2015-01-26,49374.0
2015-01-27,8149.0,2015-01-26,49374.0
2015-01-28,7428.0,2015-01-26,49374.0
2015-01-29,7894.0,2015-01-26,49374.0
2015-01-30,7302.0,2015-01-26,49374.0
2015-01-31,9488.0,2015-01-26,49374.0
2015-02-01,4481.0,2015-01-26,49374.0
2015-02-02,4868.0,2015-02-02,42169.0
2015-02-03,3579.0,2015-02-02,42169.0
2015-02-04,4545.0,2015-02-02,42169.0
2015-02-05,5379.0,2015-02-02,42169.0
2015-02-06,5547.0,2015-02-02,42169.0
2015-02-07,6100.0,2015-02-02,42169.0
2015-02-08,12151.0,2015-02-02,42169.0
2015-02-09,7113.0,2015-02-09,49299.0
2015-02-10,9433.0,2015-02-09,49299.0
2015-02-11,6874.0,2015-02-09,49299.0
2015-02-12,3932.0,2015-02-09,49299.0
2015-02-13,12880.0,2015-02-09,49299.0
2015-02-14,3622.0,2015-02-09,49299.0
2015-02-15,5445.0,2015-02-09,49299.0
2015-02-16,9303.0,2015-02-16,45535.0
2015-02-17,9611.0,2015-02-16,45535.0
2015-02-18,10017.0,2015-02-16,45535.0
2015-02-19,6578.0,2015-02-16,45535.0
2015-02-20,3121.0,2015-02-16,45535.0
2015-02-21,1665.0,2015-02-16,45535.0
2015-02-22,5240.0,2015-02-16,45535.0
2015-02-23,8119.0,2015-02-23,33922.0
2015-02-24,6544.0,2015-02-23,33922.0
2015-02-25,3061.0,2015-02-23,33922.0
2015-02-26,3970.0,2015-02-23,33922.0
2015-02-27,4147.0,2015-02-23,33922.0
2015-02-28,5279.0,2015-02-23,33922.0
2015-03-01,2802.0,2015-02-23,33922.0
2015-03-02,5031.0,2015-03-02,41721.0
2015-03-03,5354.0,2015-03-02,41721.0
2015-03-04,9898.0,2015-03-02,41721.0
2015-03-05,8097.0,2015-03-02,41721.0
2015-03-06,3059.0,2015-03-02,41721.0
2015-03-07,2471.0,2015-03-02,41721.0
2015-03-08,7811.0,2015-03-02,41721.0
2015-03-09,10569.0,2015-03-09,49936.0
2015-03-10,8051.0,2015-03-09,49936.0
2015-03-11,5187.0,2015-03-09,49936.0
2015-03-12,7588.0,2015-03-09,49936.0
2015-03-13,4071.0,2015-03-09,49936.0
2015-03-14,9459.0,2015-03-09,49936.0
2015-03-15,5011.0,2015-03-09,49936.0
2015-03-16,4766.0,2015-03-16,47853.0
2015-03-17,7050.0,2015-03-16,47853.0
2015-03-18,8138.0,2015-03-16,47853.0
2015-03-19,9257.0,2015-03-16,47853.0
2015-03-20,7425.0,2015-03-16,47853.0
2015-03-21,6671.0,2015-03-16,47853.0
2015-03-22,4546.0,2015-03-16,47853.0
2015-03-23,7091.0,2015-03-23,49355.0
2015-03-24,5875.0,2015-03-23,49355.0
2015-03-25,7769.0,2015-03-23,49355.0
2015-03-26,8418.0,2015-03-23,49355.0
2015-03-27,4539.0,2015-03-23,49355.0
2015-03-28,7323.0,2015-03-23,49355.0
2015-03-29,8340.0,2015-03-23,49355.0
2015-03-30,4950.0,2015-03-30,39374.0
2015-03-31,11239.0,2015-03-30,39374.0
2015-04-01,5999.0,2015-03-30,39374.0
2015-04-02,7128.0,2015-03-30,39374.0
2015-04-03,5144.0,2015-03-30,39374.0
2015-04-04,1674.0,2015-03-30,39374.0
2015-04-05,3240.0,2015-03-30,39374.0
2015-04-06,5630.0,2015-04-06,36438.0
2015-04-07,2019.0,2015-04-06,36438.0
2015-04-08,7433.0,2015-04-06,36438.0
2015-04-09,4232.0,2015-04-06,36438.0
2015-04-10,6099.0,2015-04-06,36438.0
2015-04-11,5761.0,2015-04-06,36438.0
2015-04-12,5264.0,2015-04-06,36438.0
2015-04-13,7558.0,2015-04-13,51815.0
2015-04-14,8944.0,2015-04-13,51815.0
2015-04-15,10847.0,2015-04-13,51815.0
2015-04-16,8564.0,2015-04-13,51815.0
2015-04-17,4031.0,2015-04-13,51815.0
2015-04-18,6222.0,2015-04-13,51815.0
2015-04-19,5649.0,2015-04-13,51815.0
2015-04-20,5505.0,2015-04-20,36031.0
2015-04-21,6372.0,2015-04-20,36031.0
2015-04-22,5883.0,2015-04-20,36031.0
2015-04-23,6509.0,2015-04-20,36031.0
2015-04-24,4191.0,2015-04-20,36031.0
2015-04-25,2373.0,2015-04-20,36031.0
2015-04-26,5198.0,2015-04-20,36031.0
2015-04-27,5620.0,2015-04-27,33422.0
2015-04-28,5608.0,2015-04-27,33422.0
2015-04-29,4455.0,2015-04-27,33422.0
2015-04-30,7801.0,2015-04-27,33422.0
2015-05-01,5032.0,2015-04-27,33422.0
2015-05-02,2578.0,2015-04-27,33422.0
2015-05-03,2328.0,2015-04-27,33422.0
2015-05-04,7086.0,2015-05-04,45536.0
2015-05-05,6989.0,2015-05-04,45536.0
2015-05-06,7182.0,2015-05-04,45536.0
2015-05-07,3608.0,2015-05-04,45536.0
2015-05-08,5874.0,2015-05-04,45536.0
2015-05-09,10225.0,2015-05-04,45536.0
2015-05-10,4572.0,2015-05-04,45536.0
2015-05-11,8448.0,2015-05-11,40054.0
2015-05-12,4857.0,2015-05-11,40054.0
2015-05-13,4891.0,2015-05-11,40054.0
2015-05-14,5125.0,2015-05-11,40054.0
2015-05-15,4600.0,2015-05-11,40054.0
2015-05-16,7726.0,2015-05-11,40054.0
2015-05-17,4407.0,2015-05-11,40054.0
2015-05-18,7473.0,2015-05-18,36849.0
2015-05-19,5408.0,2015-05-18,36849.0
2015-05-20,6987.0,2015-05-18,36849.0
2015-05-21,4538.0,2015-05-18,36849.0
2015-05-22,3703.0,2015-05-18,36849.0
2015-05-23,4008.0,2015-05-18,36849.0
2015-05-24,4732.0,2015-05-18,36849.0
2015-05-25,5651.0,2015-05-25,37391.0
2015-05-26,5205.0,2015-05-25,37391.0
2015-05-27,2848.0,2015-05-25,37391.0
2015-05-28,10781.0,2015-05-25,37391.0
2015-05-29,3948.0,2015-05-25,37391.0
2015-05-30,3299.0,2015-05-25,37391.0
2015-05-31,5659.0,2015-05-25,37391.0
2015-06-01,7187.0,2015-06-01,51742.0
2015-06-02,3877.0,2015-06-01,51742.0
2015-06-03,12960.0,2015-06-01,51742.0
2015-06-04,5347.0,2015-06-01,51742.0
2015-06-05,5286.0,2015-06-01,51742.0
2015-06-06,11714.0,2015-06-01,51742.0
2015-06-07,5371.0,2015-06-01,51742.0
2015-06-08,5046.0,2015-06-08,44999.0
2015-06-09,5802.0,2015-06-08,44999.0
2015-06-10,4193.0,2015-06-08,44999.0
2015-06-11,4589.0,2015-06-08,44999.0
2015-06-12,10195.0,2015-06-08,44999.0
2015-06-13,10021.0,2015-06-08,44999.0
2015-06-14,5153.0,2015-06-08,44999.0
2015-06-15,7022.0,2015-06-15,64872.0
2015-06-16,6812.0,2015-06-15,64872.0
2015-06-17,6408.0,2015-06-15,64872.0
2015-06-18,11148.0,2015-06-15,64872.0
2015-06-19,5816.0,2015-06-15,64872.0
2015-06-20,6695.0,2015-06-15,64872.0
2015-06-21,20971.0,2015-06-15,64872.0
2015-06-22,19558.0,2015-06-22,125841.0
2015-06-23,20117.0,2015-06-22,125841.0
2015-06-24,19114.0,2015-06-22,125841.0
2015-06-25,28166.0,2015-06-22,125841.0
2015-06-26,12228.0,2015-06-22,125841.0
2015-06-27,15317.0,2015-06-22,125841.0
2015-06-28,11341.0,2015-06-22,125841.0
2015-06-29,12972.0,2015-06-29,76943.0
2015-06-30,7375.0,2015-06-29,76943.0
2015-07-01,10109.0,2015-06-29,76943.0
2015-07-02,10859.0,2015-06-29,76943.0
2015-07-03,4695.0,2015-06-29,76943.0
2015-07-04,15992.0,2015-06-29,76943.0
2015-07-05,14941.0,2015-06-29,76943.0
2015-07-06,26810.0,2015-07-06,109332.0
2015-07-07,12349.0,2015-07-06,109332.0
2015-07-08,18827.0,2015-07-06,109332.0
2015-07-09,7886.0,2015-07-06,109332.0
2015-07-10,10359.0,2015-07-06,109332.0
2015-07-11,17849.0,2015-07-06,109332.0
2015-07-12,15252.0,2015-07-06,109332.0
2015-07-13,3089.0,2015-07-13,42548.0
2015-07-14,4558.0,2015-07-13,42548.0
2015-07-15,11666.0,2015-07-13,42548.0
2015-07-16,4555.0,2015-07-13,42548.0
2015-07-17,5420.0,2015-07-13,42548.0
2015-07-18,2480.0,2015-07-13,42548.0
2015-07-19,10780.0,2015-07-13,42548.0
2015-07-20,5174.0,2015-07-20,50244.0
2015-07-21,8749.0,2015-07-20,50244.0
2015-07-22,3236.0,2015-07-20,50244.0
2015-07-23,4990.0,2015-07-20,50244.0
2015-07-24,12319.0,2015-07-20,50244.0
2015-07-25,3893.0,2015-07-20,50244.0
2015-07-26,11883.0,2015-07-20,50244.0
2015-07-27,6043.0,2015-07-27,62591.0
2015-07-28,12437.0,2015-07-27,62591.0
2015-07-29,5228.0,2015-07-27,62591.0
2015-07-30,8757.0,2015-07-27,62591.0
2015-07-31,12158.0,2015-07-27,62591.0
2015-08-01,12669.0,2015-07-27,62591.0
2015-08-02,5299.0,2015-07-27,62591.0
2015-08-03,9983.0,2015-08-03,62139.0
2015-08-04,4908.0,2015-08-03,62139.0
2015-08-05,12274.0,2015-08-03,62139.0
2015-08-06,10714.0,2015-08-03,62139.0
2015-08-07,11137.0,2015-08-03,62139.0
2015-08-08,3088.0,2015-08-03,62139.0
2015-08-09,10035.0,2015-08-03,62139.0
2015-08-10,4989.0,2015-08-10,62603.0
2015-08-11,12573.0,2015-08-10,62603.0
2015-08-12,7136.0,2015-08-10,62603.0
2015-08-13,8792.0,2015-08-10,62603.0
2015-08-14,11185.0,2015-08-10,62603.0
2015-08-15,3670.0,2015-08-10,62603.0
2015-08-16,14258.0,2015-08-10,62603.0
2015-08-17,10760.0,2015-08-17,61109.0
2015-08-18,7340.0,2015-08-17,61109.0
2015-08-19,5926.0,2015-08-17,61109.0
2015-08-20,4169.0,2015-08-17,61109.0
2015-08-21,11441.0,2015-08-17,61109.0
2015-08-22,8485.0,2015-08-17,61109.0
2015-08-23,12988.0,2015-08-17,61109.0
2015-08-24,6549.0,2015-08-24,52572.0
2015-08-25,6932.0,2015-08-24,52572.0
2015-08-26,12268.0,2015-08-24,52572.0
2015-08-27,3957.0,2015-08-24,52572.0
2015-08-28,6381.0,2015-08-24,52572.0
2015-08-29,4395.0,2015-08-24,52572.0
2015-08-30,12090.0,2015-08-24,52572.0
2015-08-31,9890.0,2015-08-31,79190.0
2015-09-01,11094.0,2015-08-31,79190.0
2015-09-02,8328.0,2015-08-31,79190.0
2015-09-03,11791.0,2015-08-31,79190.0
2015-09-04,7066.0,2015-08-31,79190.0
2015-09-05,16448.0,2015-08-31,79190.0
2015-09-06,14573.0,2015-08-31,79190.0
2015-09-07,6323.0,2015-09-07,72559.0
2015-09-08,16362.0,2015-09-07,72559.0
2015-09-09,8736.0,2015-09-07,72559.0
2015-09-10,11957.0,2015-09-07,72559.0
2015-09-11,12653.0,2015-09-07,72559.0
2015-09-12,7158.0,2015-09-07,72559.0
2015-09-13,9370.0,2015-09-07,72559.0
2015-09-14,4819.0,2015-09-14,44562.0
2015-09-15,2299.0,2015-09-14,44562.0
2015-09-16,7588.0,2015-09-14,44562.0
2015-09-17,5941.0,2015-09-14,44562.0
2015-09-18,9995.0,2015-09-14,44562.0
2015-09-19,2247.0,2015-09-14,44562.0
2015-09-20,11673.0,2015-09-14,44562.0
2015-09-21,5460.0,2015-09-21,38753.0
2015-09-22,9312.0,2015-09-21,38753.0
2015-09-23,3710.0,2015-09-21,38753.0
2015-09-24,4612.0,2015-09-21,38753.0
2015-09-25,5774.0,2015-09-21,38753.0
2015-09-26,5966.0,2015-09-21,38753.0
2015-09-27,3919.0,2015-09-21,38753.0
2015-09-28,4533.0,2015-09-28,60096.0
2015-09-29,4300.0,2015-09-28,60096.0
2015-09-30,9635.0,2015-09-28,60096.0
2015-10-01,7514.0,2015-09-28,60096.0
2015-10-02,16542.0,2015-09-28,60096.0
2015-10-03,6866.0,2015-09-28,60096.0
2015-10-04,10706.0,2015-09-28,60096.0
2015-10-05,6639.0,2015-10-05,57323.0
2015-10-06,4484.0,2015-10-05,57323.0
2015-10-07,5684.0,2015-10-05,57323.0
2015-10-08,5594.0,2015-10-05,57323.0
2015-10-09,10814.0,2015-10-05,57323.0
2015-10-10,11401.0,2015-10-05,57323.0
2015-10-11,12707.0,2015-10-05,57323.0
2015-10-12,5727.0,2015-10-12,59729.0
2015-10-13,5743.0,2015-10-12,59729.0
2015-10-14,10300.0,2015-10-12,59729.0
2015-10-15,4707.0,2015-10-12,59729.0
2015-10-16,11677.0,2015-10-12,59729.0
2015-10-17,9835.0,2015-10-12,59729.0
2015-10-18,11740.0,2015-10-12,59729.0
2015-10-19,5320.0,2015-10-19,59905.0
2015-10-20,5128.0,2015-10-19,59905.0
2015-10-21,10538.0,2015-10-19,59905.0
2015-10-22,3864.0,2015-10-19,59905.0
2015-10-23,14880.0,2015-10-19,59905.0
2015-10-24,2980.0,2015-10-19,59905.0
2015-10-25,17195.0,2015-10-19,59905.0
2015-10-26,5714.0,2015-10-26,57491.0
2015-10-27,3189.0,2015-10-26,57491.0
2015-10-28,8937.0,2015-10-26,57491.0
2015-10-29,12230.0,2015-10-26,57491.0
2015-10-30,10155.0,2015-10-26,57491.0
2015-10-31,7892.0,2015-10-26,57491.0
2015-11-01,9374.0,2015-10-26,57491.0
2015-11-02,5976.0,2015-11-02,57579.0
2015-11-03,10587.0,2015-11-02,57579.0
2015-11-04,7281.0,2015-11-02,57579.0
2015-11-05,4957.0,2015-11-02,57579.0
2015-11-06,12786.0,2015-11-02,57579.0
2015-11-07,3578.0,2015-11-02,57579.0
2015-11-08,12414.0,2015-11-02,57579.0
2015-11-09,7035.0,2015-11-09,68477.0
2015-11-10,5975.0,2015-11-09,68477.0
2015-11-11,6542.0,2015-11-09,68477.0
2015-11-12,7698.0,2015-11-09,68477.0
2015-11-13,7749.0,2015-11-09,68477.0
2015-11-14,19061.0,2015-11-09,68477.0
2015-11-15,14417.0,2015-11-09,68477.0
2015-11-16,9649.0,2015-11-16,71835.0
2015-11-17,9585.0,2015-11-16,71835.0
2015-11-18,10696.0,2015-11-16,71835.0
2015-11-19,8385.0,2015-11-16,71835.0
2015-11-20,12585.0,2015-11-16,71835.0
2015-11-21,6566.0,2015-11-16,71835.0
2015-11-22,14369.0,2015-11-16,71835.0
2015-11-23,14355.0,2015-11-23,69843.0
2015-11-24,10026.0,2015-11-23,69843.0
2015-11-25,3359.0,2015-11-23,69843.0
2015-11-26,7373.0,2015-11-23,69843.0
2015-11-27,9667.0,2015-11-23,69843.0
2015-11-28,10672.0,2015-11-23,69843.0
2015-11-29,14391.0,2015-11-23,69843.0
2015-11-30,5202.0,2015-11-30,43679.0
2015-12-01,4257.0,2015-11-30,43679.0
2015-12-02,4213.0,2015-11-30,43679.0
2015-12-03,7933.0,2015-11-30,43679.0
2015-12-04,8092.0,2015-11-30,43679.0
2015-12-05,3819.0,2015-11-30,43679.0
2015-12-06,10163.0,2015-11-30,43679.0
2015-12-07,10017.0,2015-12-07,69406.0
2015-12-08,7261.0,2015-12-07,69406.0
2015-12-09,10628.0,2015-12-07,69406.0
2015-12-10,8501.0,2015-12-07,69406.0
2015-12-11,11638.0,2015-12-07,69406.0
2015-12-12,6693.0,2015-12-07,69406.0
2015-12-13,14668.0,2015-12-07,69406.0
2015-12-14,4466.0,2015-12-14,44378.0
2015-12-15,6819.0,2015-12-14,44378.0
2015-12-16,3865.0,2015-12-14,44378.0
2015-12-17,6924.0,2015-12-14,44378.0
2015-12-18,8225.0,2015-12-14,44378.0
2015-12-19,8665.0,2015-12-14,44378.0
2015-12-20,5414.0,2015-12-14,44378.0
2015-12-21,11177.0,2015-12-21,55113.0
2015-12-22,6685.0,2015-12-21,55113.0
2015-12-23,9295.0,2015-12-21,55113.0
2015-12-24,7661.0,2015-12-21,55113.0
2015-12-25,4836.0,2015-12-21,55113.0
2015-12-26,4460.0,2015-12-21,55113.0
2015-12-27,10999.0,2015-12-21,55113.0
2015-12-28,8305.0,2015-12-28,69999.0
2015-12-29,12641.0,2015-12-28,69999.0
2015-12-30,9667.0,2015-12-28,69999.0
2015-12-31,17182.0,2015-12-28,69999.0
2016-01-01,6143.0,2015-12-28,69999.0
2016-01-02,5816.0,2015-12-28,69999.0
2016-01-03,10245.0,2015-12-28,69999.0
2016-01-04,5507.0,2016-01-04,63182.0
2016-01-05,8266.0,2016-01-04,63182.0
2016-01-06,6208.0,2016-01-04,63182.0
2016-01-07,6759.0,2016-01-04,63182.0
2016-01-08,7579.0,2016-01-04,63182.0
2016-01-09,7535.0,2016-01-04,63182.0
2016-01-10,21328.0,2016-01-04,63182.0
2016-01-11,5093.0,2016-01-11,66452.0
2016-01-12,13684.0,2016-01-11,66452.0
2016-01-13,9584.0,2016-01-11,66452.0
2016-01-14,5485.0,2016-01-11,66452.0
2016-01-15,3647.0,2016-01-11,66452.0
2016-01-16,13110.0,2016-01-11,66452.0
2016-01-17,15849.0,2016-01-11,66452.0
2016-01-18,7028.0,2016-01-18,59232.0
2016-01-19,8567.0,2016-01-18,59232.0
2016-01-20,9259.0,2016-01-18,59232.0
2016-01-21,5232.0,2016-01-18,59232.0
2016-01-22,8166.0,2016-01-18,59232.0
2016-01-23,7227.0,2016-01-18,59232.0
2016-01-24,13753.0,2016-01-18,59232.0
2016-01-25,13001.0,2016-01-25,88701.0
2016-01-26,7130.0,2016-01-25,88701.0
2016-01-27,18979.0,2016-01-25,88701.0
2016-01-28,17083.0,2016-01-25,88701.0
2016-01-29,10425.0,2016-01-25,88701.0
2016-01-30,7926.0,2016-01-25,88701.0
2016-01-31,14157.0,2016-01-25,88701.0
2016-02-01,4995.0,2016-02-01,59635.0
2016-02-02,7108.0,2016-02-01,59635.0
2016-02-03,11711.0,2016-02-01,59635.0
2016-02-04,17189.0,2016-02-01,59635.0
2016-02-05,5505.0,2016-02-01,59635.0
2016-02-06,2060.0,2016-02-01,59635.0
2016-02-07,11067.0,2016-02-01,59635.0
2016-02-08,7399.0,2016-02-08,64294.0
2016-02-09,11532.0,2016-02-08,64294.0
2016-02-10,9377.0,2016-02-08,64294.0
2016-02-11,8451.0,2016-02-08,64294.0
2016-02-12,7364.0,2016-02-08,64294.0
2016-02-13,8616.0,2016-02-08,64294.0
2016-02-14,11555.0,2016-02-08,64294.0
2016-02-15,5208.0,2016-02-15,56797.0
2016-02-16,9536.0,2016-02-15,56797.0
2016-02-17,5162.0,2016-02-15,56797.0
2016-02-18,7918.0,2016-02-15,56797.0
2016-02-19,12239.0,2016-02-15,56797.0
2016-02-20,5190.0,2016-02-15,56797.0
2016-02-21,11544.0,2016-02-15,56797.0
2016-02-22,4090.0,2016-02-22,54302.0
2016-02-23,9936.0,2016-02-22,54302.0
2016-02-24,7623.0,2016-02-22,54302.0
2016-02-25,5634.0,2016-02-22,54302.0
2016-02-26,10953.0,2016-02-22,54302.0
2016-02-27,5690.0,2016-02-22,54302.0
2016-02-28,10376.0,2016-02-22,54302.0
2016-02-29,3489.0,2016-02-29,58217.0
2016-03-01,10049.0,2016-02-29,58217.0
2016-03-02,9605.0,2016-02-29,58217.0
2016-03-03,7137.0,2016-02-29,58217.0
2016-03-04,13885.0,2016-02-29,58217.0
2016-03-05,1649.0,2016-02-29,58217.0
2016-03-06,12403.0,2016-02-29,58217.0
2016-03-07,4329.0,2016-03-07,71448.0
2016-03-08,8576.0,2016-03-07,71448.0
2016-03-09,9268.0,2016-03-07,71448.0
2016-03-10,11526.0,2016-03-07,71448.0
2016-03-11,6748.0,2016-03-07,71448.0
2016-03-12,13055.0,2016-03-07,71448.0
2016-03-13,17946.0,2016-03-07,71448.0
2016-03-14,4229.0,2016-03-14,52830.0
2016-03-15,6343.0,2016-03-14,52830.0
2016-03-16,9742.0,2016-03-14,52830.0
2016-03-17,7294.0,2016-03-14,52830.0
2016-03-18,8891.0,2016-03-14,52830.0
2016-03-19,3813.0,2016-03-14,52830.0
2016-03-20,12518.0,2016-03-14,52830.0
2016-03-21,3838.0,2016-03-21,49683.0
2016-03-22,9973.0,2016-03-21,49683.0
2016-03-23,8240.0,2016-03-21,49683.0
2016-03-24,7876.0,2016-03-21,49683.0
2016-03-25,5533.0,2016-03-21,49683.0
2016-03-26,3771.0,2016-03-21,49683.0
2016-03-27,10452.0,2016-03-21,49683.0
2016-03-28,7095.0,2016-03-28,45365.0
2016-03-29,2779.0,2016-03-28,45365.0
2016-03-30,9647.0,2016-03-28,45365.0
2016-03-31,3798.0,2016-03-28,45365.0
2016-04-01,12161.0,2016-03-28,45365.0
2016-04-02,1803.0,2016-03-28,45365.0
2016-04-03,8082.0,2016-03-28,45365.0
2016-04-04,6340.0,2016-04-04,48900.0
2016-04-05,7898.0,2016-04-04,48900.0
2016-04-06,3204.0,2016-04-04,48900.0
2016-04-07,5321.0,2016-04-04,48900.0
2016-04-08,11085.0,2016-04-04,48900.0
2016-04-09,1722.0,2016-04-04,48900.0
2016-04-10,13330.0,2016-04-04,48900.0
2016-04-11,8830.0,2016-04-11,50389.0
2016-04-12,9553.0,2016-04-11,50389.0
2016-04-13,8639.0,2016-04-11,50389.0
2016-04-14,6904.0,2016-04-11,50389.0
2016-04-15,4104.0,2016-04-11,50389.0
2016-04-16,2620.0,2016-04-11,50389.0
2016-04-17,9739.0,2016-04-11,50389.0
2016-04-18,6231.0,2016-04-18,40817.0
2016-04-19,2290.0,2016-04-18,40817.0
2016-04-20,6665.0,2016-04-18,40817.0
2016-04-21,6396.0,2016-04-18,40817.0
2016-04-22,3627.0,2016-04-18,40817.0
2016-04-23,1830.0,2016-04-18,40817.0
2016-04-24,13778.0,2016-04-18,40817.0
2016-04-25,7508.0,2016-04-25,68345.0
2016-04-26,10355.0,2016-04-25,68345.0
2016-04-27,4274.0,2016-04-25,68345.0
2016-04-28,10969.0,2016-04-25,68345.0
2016-04-29,15142.0,2016-04-25,68345.0
2016-04-30,5891.0,2016-04-25,68345.0
2016-05-01,14206.0,2016-04-25,68345.0
2016-05-02,9330.0,2016-05-02,57731.0
2016-05-03,12462.0,2016-05-02,57731.0
2016-05-04,4776.0,2016-05-02,57731.0
2016-05-05,7829.0,2016-05-02,57731.0
2016-05-06,6851.0,2016-05-02,57731.0
2016-05-07,9162.0,2016-05-02,57731.0
2016-05-08,7321.0,2016-05-02,57731.0
2016-05-09,11043.0,2016-05-09,65902.0
2016-05-10,10413.0,2016-05-09,65902.0
2016-05-11,8013.0,2016-05-09,65902.0
2016-05-12,7072.0,2016-05-09,65902.0
2016-05-13,7384.0,2016-05-09,65902.0
2016-05-14,3857.0,2016-05-09,65902.0
2016-05-15,18120.0,2016-05-09,65902.0
2016-05-16,8039.0,2016-05-16,53710.0
2016-05-17,10714.0,2016-05-16,53710.0
2016-05-18,6941.0,2016-05-16,53710.0
2016-05-19,9118.0,2016-05-16,53710.0
2016-05-20,10253.0,2016-05-16,53710.0
2016-05-21,3447.0,2016-05-16,53710.0
2016-05-22,5198.0,2016-05-16,53710.0
2016-05-23,11295.0,2016-05-23,73235.0
2016-05-24,9996.0,2016-05-23,73235.0
2016-05-25,4264.0,2016-05-23,73235.0
2016-05-26,13256.0,2016-05-23,73235.0
2016-05-27,3778.0,2016-05-23,73235.0
2016-05-28,7331.0,2016-05-23,73235.0
2016-05-29,23315.0,2016-05-23,73235.0
2016-05-30,6683.0,2016-05-30,35430.0
2016-05-31,4382.0,2016-05-30,35430.0
2016-06-01,8523.0,2016-05-30,35430.0
2016-06-02,3503.0,2016-05-30,35430.0
2016-06-03,5979.0,2016-05-30,35430.0
2016-06-04,3936.0,2016-05-30,35430.0
2016-06-05,2424.0,2016-05-30,35430.0
2016-06-06,9617.0,2016-06-06,43989.0
2016-06-07,3565.0,2016-06-06,43989.0
2016-06-08,5442.0,2016-06-06,43989.0
2016-06-09,2778.0,2016-06-06,43989.0
2016-06-10,4892.0,2016-06-06,43989.0
2016-06-11,4919.0,2016-06-06,43989.0
2016-06-12,12776.0,2016-06-06,43989.0
2016-06-13,2789.0,2016-06-13,47508.0
2016-06-14,13058.0,2016-06-13,47508.0
2016-06-15,4486.0,2016-06-13,47508.0
2016-06-16,4958.0,2016-06-13,47508.0
2016-06-17,4119.0,2016-06-13,47508.0
2016-06-18,6294.0,2016-06-13,47508.0
2016-06-19,11804.0,2016-06-13,47508.0
2016-06-20,11554.0,2016-06-20,65359.0
2016-06-21,4581.0,2016-06-20,65359.0
2016-06-22,12275.0,2016-06-20,65359.0
2016-06-23,16379.0,2016-06-20,65359.0
2016-06-24,5883.0,2016-06-20,65359.0
2016-06-25,7485.0,2016-06-20,65359.0
2016-06-26,7202.0,2016-06-20,65359.0
2016-06-27,10604.0,2016-06-27,67607.0
2016-06-28,9922.0,2016-06-27,67607.0
2016-06-29,12764.0,2016-06-27,67607.0
2016-06-30,6734.0,2016-06-27,67607.0
2016-07-01,8286.0,2016-06-27,67607.0
2016-07-02,10827.0,2016-06-27,67607.0
2016-07-03,8470.0,2016-06-27,67607.0
2016-07-04,11593.0,2016-07-04,50619.0
2016-07-05,5530.0,2016-07-04,50619.0
2016-07-06,8758.0,2016-07-04,50619.0
2016-07-07,6630.0,2016-07-04,50619.0
2016-07-08,4248.0,2016-07-04,50619.0
2016-07-09,4756.0,2016-07-04,50619.0
2016-07-10,9104.0,2016-07-04,50619.0
2016-07-11,10366.0,2016-07-11,48629.0
2016-07-12,2945.0,2016-07-11,48629.0
2016-07-13,3047.0,2016-07-11,48629.0
2016-07-14,13765.0,2016-07-11,48629.0
2016-07-15,3053.0,2016-07-11,48629.0
2016-07-16,4852.0,2016-07-11,48629.0
2016-07-17,10601.0,2016-07-11,48629.0
2016-07-18,12331.0,2016-07-18,59219.0
2016-07-19,5742.0,2016-07-18,59219.0
2016-07-20,9477.0,2016-07-18,59219.0
2016-07-21,4283.0,2016-07-18,59219.0
2016-07-22,15229.0,2016-07-18,59219.0
2016-07-23,4102.0,2016-07-18,59219.0
2016-07-24,8055.0,2016-07-18,59219.0
2016-07-25,7066.0,2016-07-25,62559.0
2016-07-26,12151.0,2016-07-25,62559.0
2016-07-27,8327.0,2016-07-25,62559.0
2016-07-28,15402.0,2016-07-25,62559.0
2016-07-29,4855.0,2016-07-25,62559.0
2016-07-30,3262.0,2016-07-25,62559.0
2016-07-31,11496.0,2016-07-25,62559.0
2016-08-01,5807.0,2016-08-01,62160.0
2016-08-02,14740.0,2016-08-01,62160.0
2016-08-03,7521.0,2016-08-01,62160.0
2016-08-04,9050.0,2016-08-01,62160.0
2016-08-05,8636.0,2016-08-01,62160.0
2016-08-06,5235.0,2016-08-01,62160.0
2016-08-07,11171.0,2016-08-01,62160.0
2016-08-08,11939.0,2016-08-08,61612.0
2016-08-09,8039.0,2016-08-08,61612.0
2016-08-10,9165.0,2016-08-08,61612.0
2016-08-11,5028.0,2016-08-08,61612.0
2016-08-12,9798.0,2016-08-08,61612.0
2016-08-13,6374.0,2016-08-08,61612.0
2016-08-14,11269.0,2016-08-08,61612.0
2016-08-15,6479.0,2016-08-15,58415.0
2016-08-16,6498.0,2016-08-15,58415.0
2016-08-17,12343.0,2016-08-15,58415.0
2016-08-18,6929.0,2016-08-15,58415.0
2016-08-19,11701.0,2016-08-15,58415.0
2016-08-20,4431.0,2016-08-15,58415.0
2016-08-21,10034.0,2016-08-15,58415.0
2016-08-22,6332.0,2016-08-22,63813.0
2016-08-23,7375.0,2016-08-22,63813.0
2016-08-24,12239.0,2016-08-22,63813.0
2016-08-25,6394.0,2016-08-22,63813.0
2016-08-26,12800.0,2016-08-22,63813.0
2016-08-27,5973.0,2016-08-22,63813.0
2016-08-28,12700.0,2016-08-22,63813.0
2016-08-29,6275.0,2016-08-29,60838.0
2016-08-30,6754.0,2016-08-29,60838.0
2016-08-31,14781.0,2016-08-29,60838.0
2016-09-01,10054.0,2016-08-29,60838.0
2016-09-02,8294.0,2016-08-29,60838.0
2016-09-03,3780.0,2016-08-29,60838.0
2016-09-04,10900.0,2016-08-29,60838.0
2016-09-05,6859.0,2016-09-05,65825.0
2016-09-06,12359.0,2016-09-05,65825.0
2016-09-07,9666.0,2016-09-05,65825.0
2016-09-08,10588.0,2016-09-05,65825.0
2016-09-09,9984.0,2016-09-05,65825.0
2016-09-10,6197.0,2016-09-05,65825.0
2016-09-11,10172.0,2016-09-05,65825.0
2016-09-12,7670.0,2016-09-12,72485.0
2016-09-13,10171.0,2016-09-12,72485.0
2016-09-14,11548.0,2016-09-12,72485.0
2016-09-15,5998.0,2016-09-12,72485.0
2016-09-16,11724.0,2016-09-12,72485.0
2016-09-17,14358.0,2016-09-12,72485.0
2016-09-18,11016.0,2016-09-12,72485.0
2016-09-19,7339.0,2016-09-19,54481.0
2016-09-20,8720.0,2016-09-19,54481.0
2016-09-21,8540.0,2016-09-19,54481.0
2016-09-22,4903.0,2016-09-19,54481.0
2016-09-23,9986.0,2016-09-19,54481.0
2016-09-24,4372.0,2016-09-19,54481.0
2016-09-25,10621.0,2016-09-19,54481.0
2016-09-26,6208.0,2016-09-26,56567.0
2016-09-27,7459.0,2016-09-26,56567.0
2016-09-28,5615.0,2016-09-26,56567.0
2016-09-29,6248.0,2016-09-26,56567.0
2016-09-30,14934.0,2016-09-26,56567.0
2016-10-01,4469.0,2016-09-26,56567.0
2016-10-02,11634.0,2016-09-26,56567.0
2016-10-03,2667.0,2016-10-03,67302.0
2016-10-04,8031.0,2016-10-03,67302.0
2016-10-05,11436.0,2016-10-03,67302.0
2016-10-06,8990.0,2016-10-03,67302.0
2016-10-07,21204.0,2016-10-03,67302.0
2016-10-08,4770.0,2016-10-03,67302.0
2016-10-09,10204.0,2016-10-03,67302.0
2016-10-10,10307.0,2016-10-10,56555.0
2016-10-11,5337.0,2016-10-10,56555.0
2016-10-12,5793.0,2016-10-10,56555.0
2016-10-13,5947.0,2016-10-10,56555.0
2016-10-14,10266.0,2016-10-10,56555.0
2016-10-15,6995.0,2016-10-10,56555.0
2016-10-16,11910.0,2016-10-10,56555.0
2016-10-17,6341.0,2016-10-17,64838.0
2016-10-18,6083.0,2016-10-17,64838.0
2016-10-19,13738.0,2016-10-17,64838.0
2016-10-20,8990.0,2016-10-17,64838.0
2016-10-21,14033.0,2016-10-17,64838.0
2016-10-22,2854.0,2016-10-17,64838.0
2016-10-23,12799.0,2016-10-17,64838.0
2016-10-24,6145.0,2016-10-24,62331.0
2016-10-25,7976.0,2016-10-24,62331.0
2016-10-26,12897.0,2016-10-24,62331.0
2016-10-27,10683.0,2016-10-24,62331.0
2016-10-28,5050.0,2016-10-24,62331.0
2016-10-29,7244.0,2016-10-24,62331.0
2016-10-30,12336.0,2016-10-24,62331.0
2016-10-31,6138.0,2016-10-31,77942.0
2016-11-01,19090.0,2016-10-31,77942.0
2016-11-02,11473.0,2016-10-31,77942.0
2016-11-03,6229.0,2016-10-31,77942.0
2016-11-04,9195.0,2016-10-31,77942.0
2016-11-05,11987.0,2016-10-31,77942.0
2016-11-06,13830.0,2016-10-31,77942.0
2016-11-07,11029.0,2016-11-07,67075.0
2016-11-08,4645.0,2016-11-07,67075.0
2016-11-09,7614.0,2016-11-07,67075.0
2016-11-10,11542.0,2016-11-07,67075.0
2016-11-11,13596.0,2016-11-07,67075.0
2016-11-12,8115.0,2016-11-07,67075.0
2016-11-13,10534.0,2016-11-07,67075.0
2016-11-14,8255.0,2016-11-14,62424.0
2016-11-15,7796.0,2016-11-14,62424.0
2016-11-16,11603.0,2016-11-14,62424.0
2016-11-17,4413.0,2016-11-14,62424.0
2016-11-18,10598.0,2016-11-14,62424.0
2016-11-19,7513.0,2016-11-14,62424.0
2016-11-20,12246.0,2016-11-14,62424.0
2016-11-21,8473.0,2016-11-21,58301.0
2016-11-22,9219.0,2016-11-21,58301.0
2016-11-23,8751.0,2016-11-21,58301.0
2016-11-24,9671.0,2016-11-21,58301.0
2016-11-25,7187.0,2016-11-21,58301.0
2016-11-26,3784.0,2016-11-21,58301.0
2016-11-27,11216.0,2016-11-21,58301.0
2016-11-28,6548.0,2016-11-28,69028.0
2016-11-29,14101.0,2016-11-28,69028.0
2016-11-30,6281.0,2016-11-28,69028.0
2016-12-01,5096.0,2016-11-28,69028.0
2016-12-02,14541.0,2016-11-28,69028.0
2016-12-03,7704.0,2016-11-28,69028.0
2016-12-04,14757.0,2016-11-28,69028.0
2016-12-05,4536.0,2016-12-05,72216.0
2016-12-06,17039.0,2016-12-05,72216.0
2016-12-07,11468.0,2016-12-05,72216.0
2016-12-08,8366.0,2016-12-05,72216.0
2016-12-09,4654.0,2016-12-05,72216.0
2016-12-10,12842.0,2016-12-05,72216.0
2016-12-11,13311.0,2016-12-05,72216.0
2016-12-12,7235.0,2016-12-12,73988.0
2016-12-13,13247.0,2016-12-12,73988.0
2016-12-14,9669.0,2016-12-12,73988.0
2016-12-15,6024.0,2016-12-12,73988.0
2016-12-16,10809.0,2016-12-12,73988.0
2016-12-17,8979.0,2016-12-12,73988.0
2016-12-18,18025.0,2016-12-12,73988.0
2016-12-19,15003.0,2016-12-19,68345.0
2016-12-20,7321.0,2016-12-19,68345.0
2016-12-21,8574.0,2016-12-19,68345.0
2016-12-22,6102.0,2016-12-19,68345.0
2016-12-23,12947.0,2016-12-19,68345.0
2016-12-24,8576.0,2016-12-19,68345.0
2016-12-25,9822.0,2016-12-19,68345.0
2016-12-26,14373.0,2016-12-26,69625.0
2016-12-27,3710.0,2016-12-26,69625.0
2016-12-28,9198.0,2016-12-26,69625.0
2016-12-29,4446.0,2016-12-26,69625.0
2016-12-30,14855.0,2016-12-26,69625.0
2016-12-31,10821.0,2016-12-26,69625.0
2017-01-01,12222.0,2016-12-26,69625.0
2017-01-02,11907.0,2017-01-02,61133.0
2017-01-03,6831.0,2017-01-02,61133.0
2017-01-04,11446.0,2017-01-02,61133.0
2017-01-05,5677.0,2017-01-02,61133.0
2017-01-06,7626.0,2017-01-02,61133.0
2017-01-07,6876.0,2017-01-02,61133.0
2017-01-08,10770.0,2017-01-02,61133.0
2017-01-09,3630.0,2017-01-09,57803.0
2017-01-10,10037.0,2017-01-09,57803.0
2017-01-11,3968.0,2017-01-09,57803.0
2017-01-12,11937.0,2017-01-09,57803.0
2017-01-13,14788.0,2017-01-09,57803.0
2017-01-14,5612.0,2017-01-09,57803.0
2017-01-15,7831.0,2017-01-09,57803.0
2017-01-16,5758.0,2017-01-16,60313.0
2017-01-17,4636.0,2017-01-16,60313.0
2017-01-18,11200.0,2017-01-16,60313.0
2017-01-19,8612.0,2017-01-16,60313.0
2017-01-20,11292.0,2017-01-16,60313.0
2017-01-21,8058.0,2017-01-16,60313.0
2017-01-22,10757.0,2017-01-16,60313.0
2017-01-23,7414.0,2017-01-23,57628.0
2017-01-24,9508.0,2017-01-23,57628.0
2017-01-25,6510.0,2017-01-23,57628.0
2017-01-26,7136.0,2017-01-23,57628.0
2017-01-27,9936.0,2017-01-23,57628.0
2017-01-28,8862.0,2017-01-23,57628.0
2017-01-29,8262.0,2017-01-23,57628.0
2017-01-30,10123.0,2017-01-30,66463.0
2017-01-31,8659.0,2017-01-30,66463.0
2017-02-01,10512.0,2017-01-30,66463.0
2017-02-02,4781.0,2017-01-30,66463.0
2017-02-03,11890.0,2017-01-30,66463.0
2017-02-04,10411.0,2017-01-30,66463.0
2017-02-05,10087.0,2017-01-30,66463.0
2017-02-06,6497.0,2017-02-06,56690.0
2017-02-07,4418.0,2017-02-06,56690.0
2017-02-08,11076.0,2017-02-06,56690.0
2017-02-09,4095.0,2017-02-06,56690.0
2017-02-10,14537.0,2017-02-06,56690.0
2017-02-11,5234.0,2017-02-06,56690.0
2017-02-12,10833.0,2017-02-06,56690.0
2017-02-13,8771.0,2017-02-13,63866.0
2017-02-14,7296.0,2017-02-13,63866.0
2017-02-15,9998.0,2017-02-13,63866.0
2017-02-16,8077.0,2017-02-13,63866.0
2017-02-17,12446.0,2017-02-13,63866.0
2017-02-18,6617.0,2017-02-13,63866.0
2017-02-19,10661.0,2017-02-13,63866.0
2017-02-20,4528.0,2017-02-20,48417.0
2017-02-21,8388.0,2017-02-20,48417.0
2017-02-22,8180.0,2017-02-20,48417.0
2017-02-23,10020.0,2017-02-20,48417.0
2017-02-24,3086.0,2017-02-20,48417.0
2017-02-25,2618.0,2017-02-20,48417.0
2017-02-26,11597.0,2017-02-20,48417.0
2017-02-27,5695.0,2017-02-27,50688.0
2017-02-28,12192.0,2017-02-27,50688.0
2017-03-01,4076.0,2017-02-27,50688.0
2017-03-02,3608.0,2017-02-27,50688.0
2017-03-03,11223.0,2017-02-27,50688.0
2017-03-04,4394.0,2017-02-27,50688.0
2017-03-05,9500.0,2017-02-27,50688.0
2017-03-06,7051.0,2017-03-06,69426.0
2017-03-07,13293.0,2017-03-06,69426.0
2017-03-08,7638.0,2017-03-06,69426.0
2017-03-09,5182.0,2017-03-06,69426.0
2017-03-10,13918.0,2017-03-06,69426.0
2017-03-11,8469.0,2017-03-06,69426.0
2017-03-12,13875.0,2017-03-06,69426.0
2017-03-13,4019.0,2017-03-13,51645.0
2017-03-14,7297.0,2017-03-13,51645.0
2017-03-15,9034.0,2017-03-13,51645.0
2017-03-16,6449.0,2017-03-13,51645.0
2017-03-17,10757.0,2017-03-13,51645.0
2017-03-18,2445.0,2017-03-13,51645.0
2017-03-19,11644.0,2017-03-13,51645.0
2017-03-20,7723.0,2017-03-20,58393.0
2017-03-21,6940.0,2017-03-20,58393.0
2017-03-22,11244.0,2017-03-20,58393.0
2017-03-23,10226.0,2017-03-20,58393.0
2017-03-24,10504.0,2017-03-20,58393.0
2017-03-25,4193.0,2017-03-20,58393.0
2017-03-26,7563.0,2017-03-20,58393.0
2017-03-27,6954.0,2017-03-27,58690.0
2017-03-28,7751.0,2017-03-27,58690.0
2017-03-29,5800.0,2017-03-27,58690.0
2017-03-30,11121.0,2017-03-27,58690.0
2017-03-31,10744.0,2017-03-27,58690.0
2017-04-01,4557.0,2017-03-27,58690.0
2017-04-02,11763.0,2017-03-27,58690.0
2017-04-03,4399.0,2017-04-03,47773.0
2017-04-04,9990.0,2017-04-03,47773.0
2017-04-05,4576.0,2017-04-03,47773.0
2017-04-06,4559.0,2017-04-03,47773.0
2017-04-07,11005.0,2017-04-03,47773.0
2017-04-08,5531.0,2017-04-03,47773.0
2017-04-09,7713.0,2017-04-03,47773.0
2017-04-10,7487.0,2017-04-10,53780.0
2017-04-11,7035.0,2017-04-10,53780.0
2017-04-12,4102.0,2017-04-10,53780.0
2017-04-13,10717.0,2017-04-10,53780.0
2017-04-14,3666.0,2017-04-10,53780.0
2017-04-15,7159.0,2017-04-10,53780.0
2017-04-16,13614.0,2017-04-10,53780.0
2017-04-17,7239.0,2017-04-17,48666.0
2017-04-18,5956.0,2017-04-17,48666.0
2017-04-19,6073.0,2017-04-17,48666.0
2017-04-20,4113.0,2017-04-17,48666.0
2017-04-21,7760.0,2017-04-17,48666.0
2017-04-22,7255.0,2017-04-17,48666.0
2017-04-23,10270.0,2017-04-17,48666.0
2017-04-24,4735.0,2017-04-24,61861.0
2017-04-25,3109.0,2017-04-24,61861.0
2017-04-26,4078.0,2017-04-24,61861.0
2017-04-27,9595.0,2017-04-24,61861.0
2017-04-28,20296.0,2017-04-24,61861.0
2017-04-29,8479.0,2017-04-24,61861.0
2017-04-30,11569.0,2017-04-24,61861.0
2017-05-01,8136.0,2017-05-01,71873.0
2017-05-02,11466.0,2017-05-01,71873.0
2017-05-03,13276.0,2017-05-01,71873.0
2017-05-04,10793.0,2017-05-01,71873.0
2017-05-05,14351.0,2017-05-01,71873.0
2017-05-06,8965.0,2017-05-01,71873.0
2017-05-07,4886.0,2017-05-01,71873.0
2017-05-08,5731.0,2017-05-08,53356.0
2017-05-09,8309.0,2017-05-08,53356.0
2017-05-10,9885.0,2017-05-08,53356.0
2017-05-11,5428.0,2017-05-08,53356.0
2017-05-12,8855.0,2017-05-08,53356.0
2017-05-13,3175.0,2017-05-08,53356.0
2017-05-14,11973.0,2017-05-08,53356.0
2017-05-15,4246.0,2017-05-15,57735.0
2017-05-16,7184.0,2017-05-15,57735.0
2017-05-17,12073.0,2017-05-15,57735.0
2017-05-18,4888.0,2017-05-15,57735.0
2017-05-19,11642.0,2017-05-15,57735.0
2017-05-20,5548.0,2017-05-15,57735.0
2017-05-21,12154.0,2017-05-15,57735.0
2017-05-22,6349.0,2017-05-22,71458.0
2017-05-23,17683.0,2017-05-22,71458.0
2017-05-24,10669.0,2017-05-22,71458.0
2017-05-25,7158.0,2017-05-22,71458.0
2017-05-26,12331.0,2017-05-22,71458.0
2017-05-27,5770.0,2017-05-22,71458.0
2017-05-28,11498.0,2017-05-22,71458.0
2017-05-29,8250.0,2017-05-29,64914.0
2017-05-30,12438.0,2017-05-29,64914.0
2017-05-31,6943.0,2017-05-29,64914.0
2017-06-01,7152.0,2017-05-29,64914.0
2017-06-02,12262.0,2017-05-29,64914.0
2017-06-03,1365.0,2017-05-29,64914.0
2017-06-04,16504.0,2017-05-29,64914.0
2017-06-05,7652.0,2017-06-05,71422.0
2017-06-06,12819.0,2017-06-05,71422.0
2017-06-07,9067.0,2017-06-05,71422.0
2017-06-08,11506.0,2017-06-05,71422.0
2017-06-09,10262.0,2017-06-05,71422.0
2017-06-10,3354.0,2017-06-05,71422.0
2017-06-11,16762.0,2017-06-05,71422.0
2017-06-12,5331.0,2017-06-12,70378.0
2017-06-13,15877.0,2017-06-12,70378.0
2017-06-14,4526.0,2017-06-12,70378.0
2017-06-15,10737.0,2017-06-12,70378.0
2017-06-16,19755.0,2017-06-12,70378.0
2017-06-17,4294.0,2017-06-12,70378.0
2017-06-18,9858.0,2017-06-12,70378.0
2017-06-19,7089.0,2017-06-19,68807.0
2017-06-20,9682.0,2017-06-19,68807.0
2017-06-21,6676.0,2017-06-19,68807.0
2017-06-22,6920.0,2017-06-19,68807.0
2017-06-23,12773.0,2017-06-19,68807.0
2017-06-24,7678.0,2017-06-19,68807.0
2017-06-25,17989.0,2017-06-19,68807.0
2017-06-26,6204.0,2017-06-26,64663.0
2017-06-27,9626.0,2017-06-26,64663.0
2017-06-28,5456.0,2017-06-26,64663.0
2017-06-29,5337.0,2017-06-26,64663.0
2017-06-30,12268.0,2017-06-26,64663.0
2017-07-01,5338.0,2017-06-26,64663.0
2017-07-02,20434.0,2017-06-26,64663.0
2017-07-03,15700.0,2017-07-03,104073.0
2017-07-04,18616.0,2017-07-03,104073.0
2017-07-05,18818.0,2017-07-03,104073.0
2017-07-06,9785.0,2017-07-03,104073.0
2017-07-07,14594.0,2017-07-03,104073.0
2017-07-08,13687.0,2017-07-03,104073.0
2017-07-09,12873.0,2017-07-03,104073.0
2017-07-10,13423.0,2017-07-10,76010.0
2017-07-11,15149.0,2017-07-10,76010.0
2017-07-12,19873.0,2017-07-10,76010.0
2017-07-13,9454.0,2017-07-10,76010.0
2017-07-14,6493.0,2017-07-10,76010.0
2017-07-15,1851.0,2017-07-10,76010.0
2017-07-16,9767.0,2017-07-10,76010.0
2017-07-17,10077.0,2017-07-17,59346.0
2017-07-18,5721.0,2017-07-17,59346.0
2017-07-19,13445.0,2017-07-17,59346.0
2017-07-20,8187.0,2017-07-17,59346.0
2017-07-21,7482.0,2017-07-17,59346.0
2017-07-22,4714.0,2017-07-17,59346.0
2017-07-23,9720.0,2017-07-17,59346.0
2017-07-24,6870.0,2017-07-24,54251.0
2017-07-25,6948.0,2017-07-24,54251.0
2017-07-26,6793.0,2017-07-24,54251.0
2017-07-27,9946.0,2017-07-24,54251.0
2017-07-28,9468.0,2017-07-24,54251.0
2017-07-29,3326.0,2017-07-24,54251.0
2017-07-30,10900.0,2017-07-24,54251.0
2017-07-31,6571.0,2017-07-31,73943.0
2017-08-01,11049.0,2017-07-31,73943.0
2017-08-02,8211.0,2017-07-31,73943.0
2017-08-03,13168.0,2017-07-31,73943.0
2017-08-04,13047.0,2017-07-31,73943.0
2017-08-05,11122.0,2017-07-31,73943.0
2017-08-06,10775.0,2017-07-31,73943.0
2017-08-07,4781.0,2017-08-07,69435.0
2017-08-08,13139.0,2017-08-07,69435.0
2017-08-09,9949.0,2017-08-07,69435.0
2017-08-10,10006.0,2017-08-07,69435.0
2017-08-11,11876.0,2017-08-07,69435.0
2017-08-12,5158.0,2017-08-07,69435.0
2017-08-13,14526.0,2017-08-07,69435.0
2017-08-14,10645.0,2017-08-14,64237.0
2017-08-15,7486.0,2017-08-14,64237.0
2017-08-16,7860.0,2017-08-14,64237.0
2017-08-17,11120.0,2017-08-14,64237.0
2017-08-18,10450.0,2017-08-14,64237.0
2017-08-19,4303.0,2017-08-14,64237.0
2017-08-20,12373.0,2017-08-14,64237.0
2017-08-21,8396.0,2017-08-21,74265.0
2017-08-22,8181.0,2017-08-21,74265.0
2017-08-23,8503.0,2017-08-21,74265.0
2017-08-24,17835.0,2017-08-21,74265.0
2017-08-25,10721.0,2017-08-21,74265.0
2017-08-26,7372.0,2017-08-21,74265.0
2017-08-27,13257.0,2017-08-21,74265.0
2017-08-28,8285.0,2017-08-28,58346.0
2017-08-29,8676.0,2017-08-28,58346.0
2017-08-30,8533.0,2017-08-28,58346.0
2017-08-31,11537.0,2017-08-28,58346.0
2017-09-01,8393.0,2017-08-28,58346.0
2017-09-02,2866.0,2017-08-28,58346.0
2017-09-03,10056.0,2017-08-28,58346.0
2017-09-04,3303.0,2017-09-04,65265.0
2017-09-05,13152.0,2017-09-04,65265.0
2017-09-06,9003.0,2017-09-04,65265.0
2017-09-07,12292.0,2017-09-04,65265.0
2017-09-08,7524.0,2017-09-04,65265.0
2017-09-09,11317.0,2017-09-04,65265.0
2017-09-10,8674.0,2017-09-04,65265.0
2017-09-11,10814.0,2017-09-11,76905.0
2017-09-12,14333.0,2017-09-11,76905.0
2017-09-13,7504.0,2017-09-11,76905.0
2017-09-14,7702.0,2017-09-11,76905.0
2017-09-15,12852.0,2017-09-11,76905.0
2017-09-16,8795.0,2017-09-11,76905.0
2017-09-17,14905.0,2017-09-11,76905.0
2017-09-18,5817.0,2017-09-18,51270.0
2017-09-19,8594.0,2017-09-18,51270.0
2017-09-20,10938.0,2017-09-18,51270.0
2017-09-21,3415.0,2017-09-18,51270.0
2017-09-22,4550.0,2017-09-18,51270.0
2017-09-23,4242.0,2017-09-18,51270.0
2017-09-24,13714.0,2017-09-18,51270.0
2017-09-25,6491.0,2017-09-25,60608.0
2017-09-26,10842.0,2017-09-25,60608.0
2017-09-27,4989.0,2017-09-25,60608.0
2017-09-28,11150.0,2017-09-25,60608.0
2017-09-29,9769.0,2017-09-25,60608.0
2017-09-30,3905.0,2017-09-25,60608.0
2017-10-01,13462.0,2017-09-25,60608.0
2017-10-02,10859.0,2017-10-02,72912.0
2017-10-03,13657.0,2017-10-02,72912.0
2017-10-04,8546.0,2017-10-02,72912.0
2017-10-05,9773.0,2017-10-02,72912.0
2017-10-06,13407.0,2017-10-02,72912.0
2017-10-07,4209.0,2017-10-02,72912.0
2017-10-08,12461.0,2017-10-02,72912.0
2017-10-09,9854.0,2017-10-09,54962.0
2017-10-10,9198.0,2017-10-09,54962.0
2017-10-11,6699.0,2017-10-09,54962.0
2017-10-12,5416.0,2017-10-09,54962.0
2017-10-13,5098.0,2017-10-09,54962.0
2017-10-14,7484.0,2017-10-09,54962.0
2017-10-15,11213.0,2017-10-09,54962.0
2017-10-16,6676.0,2017-10-16,60390.0
2017-10-17,11035.0,2017-10-16,60390.0
2017-10-18,8622.0,2017-10-16,60390.0
2017-10-19,10194.0,2017-10-16,60390.0
2017-10-20,3892.0,2017-10-16,60390.0
2017-10-21,8418.0,2017-10-16,60390.0
2017-10-22,11553.0,2017-10-16,60390.0
2017-10-23,4070.0,2017-10-23,65038.0
2017-10-24,11193.0,2017-10-23,65038.0
2017-10-25,9423.0,2017-10-23,65038.0
2017-10-26,13202.0,2017-10-23,65038.0
2017-10-27,9593.0,2017-10-23,65038.0
2017-10-28,3210.0,2017-10-23,65038.0
2017-10-29,14347.0,2017-10-23,65038.0
2017-10-30,7597.0,2017-10-30,76894.0
2017-10-31,16052.0,2017-10-30,76894.0
2017-11-01,10760.0,2017-10-30,76894.0
2017-11-02,16650.0,2017-10-30,76894.0
2017-11-03,10103.0,2017-10-30,76894.0
2017-11-04,4202.0,2017-10-30,76894.0
2017-11-05,11530.0,2017-10-30,76894.0
2017-11-06,4940.0,2017-11-06,52990.0
2017-11-07,7954.0,2017-11-06,52990.0
2017-11-08,5147.0,2017-11-06,52990.0
2017-11-09,14254.0,2017-11-06,52990.0
2017-11-10,6126.0,2017-11-06,52990.0
2017-11-11,2759.0,2017-11-06,52990.0
2017-11-12,11810.0,2017-11-06,52990.0
2017-11-13,7364.0,2017-11-13,59694.0
2017-11-14,12396.0,2017-11-13,59694.0
2017-11-15,6522.0,2017-11-13,59694.0
2017-11-16,4352.0,2017-11-13,59694.0
2017-11-17,13973.0,2017-11-13,59694.0
2017-11-18,3292.0,2017-11-13,59694.0
2017-11-19,11795.0,2017-11-13,59694.0
2017-11-20,3759.0,2017-11-20,64202.0
2017-11-21,9494.0,2017-11-20,64202.0
2017-11-22,13114.0,2017-11-20,64202.0
2017-11-23,5156.0,2017-11-20,64202.0
2017-11-24,5604.0,2017-11-20,64202.0
2017-11-25,17304.0,2017-11-20,64202.0
2017-11-26,9771.0,2017-11-20,64202.0
2017-11-27,5390.0,2017-11-27,57025.0
2017-11-28,8694.0,2017-11-27,57025.0
2017-11-29,5257.0,2017-11-27,57025.0
2017-11-30,8529.0,2017-11-27,57025.0
2017-12-01,11531.0,2017-11-27,57025.0
2017-12-02,4798.0,2017-11-27,57025.0
2017-12-03,12826.0,2017-11-27,57025.0
2017-12-04,10480.0,2017-12-04,79871.0
2017-12-05,13378.0,2017-12-04,79871.0
2017-12-06,18589.0,2017-12-04,79871.0
2017-12-07,11838.0,2017-12-04,79871.0
2017-12-08,8848.0,2017-12-04,79871.0
2017-12-09,6740.0,2017-12-04,79871.0
2017-12-10,9998.0,2017-12-04,79871.0
2017-12-11,5130.0,2017-12-11,62962.0
2017-12-12,10156.0,2017-12-11,62962.0
2017-12-13,7914.0,2017-12-11,62962.0
2017-12-14,8099.0,2017-12-11,62962.0
2017-12-15,12614.0,2017-12-11,62962.0
2017-12-16,7708.0,2017-12-11,62962.0
2017-12-17,11341.0,2017-12-11,62962.0
2017-12-18,10081.0,2017-12-18,55404.0
2017-12-19,8767.0,2017-12-18,55404.0
2017-12-20,4689.0,2017-12-18,55404.0
2017-12-21,5225.0,2017-12-18,55404.0
2017-12-22,14163.0,2017-12-18,55404.0
2017-12-23,5198.0,2017-12-18,55404.0
2017-12-24,7281.0,2017-12-18,55404.0
2017-12-25,4344.0,2017-12-25,86708.0
2017-12-26,19480.0,2017-12-25,86708.0
2017-12-27,18306.0,2017-12-25,86708.0
2017-12-28,9485.0,2017-12-25,86708.0
2017-12-29,11861.0,2017-12-25,86708.0
2017-12-30,8662.0,2017-12-25,86708.0
2017-12-31,14570.0,2017-12-25,86708.0
2018-01-01,3251.0,2018-01-01,53675.0
2018-01-02,9746.0,2018-01-01,53675.0
2018-01-03,10231.0,2018-01-01,53675.0
2018-01-04,8546.0,2018-01-01,53675.0
2018-01-05,10759.0,2018-01-01,53675.0
2018-01-06,8043.0,2018-01-01,53675.0
2018-01-07,3099.0,2018-01-01,53675.0
2018-01-08,15024.0,2018-01-08,66685.0
2018-01-09,3165.0,2018-01-08,66685.0
2018-01-10,7315.0,2018-01-08,66685.0
2018-01-11,16864.0,2018-01-08,66685.0
2018-01-12,5142.0,2018-01-08,66685.0
2018-01-13,4754.0,2018-01-08,66685.0
2018-01-14,14421.0,2018-01-08,66685.0
2018-01-15,6532.0,2018-01-15,65997.0
2018-01-16,8650.0,2018-01-15,65997.0
2018-01-17,13530.0,2018-01-15,65997.0
2018-01-18,12575.0,2018-01-15,65997.0
2018-01-19,5832.0,2018-01-15,65997.0
2018-01-20,5164.0,2018-01-15,65997.0
2018-01-21,13714.0,2018-01-15,65997.0
2018-01-22,13310.0,2018-01-22,72671.0
2018-01-23,13150.0,2018-01-22,72671.0
2018-01-24,7519.0,2018-01-22,72671.0
2018-01-25,11318.0,2018-01-22,72671.0
2018-01-26,4359.0,2018-01-22,72671.0
2018-01-27,10262.0,2018-01-22,72671.0
2018-01-28,12753.0,2018-01-22,72671.0
2018-01-29,4753.0,2018-01-29,63971.0
2018-01-30,10834.0,2018-01-29,63971.0
2018-01-31,8028.0,2018-01-29,63971.0
2018-02-01,14700.0,2018-01-29,63971.0
2018-02-02,6104.0,2018-01-29,63971.0
2018-02-03,4351.0,2018-01-29,63971.0
2018-02-04,15201.0,2018-01-29,63971.0
2018-02-05,9231.0,2018-02-05,59551.0
2018-02-06,5162.0,2018-02-05,59551.0
2018-02-07,5009.0,2018-02-05,59551.0
2018-02-08,13050.0,2018-02-05,59551.0
2018-02-09,7733.0,2018-02-05,59551.0
2018-02-10,6867.0,2018-02-05,59551.0
2018-02-11,12499.0,2018-02-05,59551.0
2018-02-12,7002.0,2018-02-12,65081.0
2018-02-13,12459.0,2018-02-12,65081.0
2018-02-14,8148.0,2018-02-12,65081.0
2018-02-15,8310.0,2018-02-12,65081.0
2018-02-16,9064.0,2018-02-12,65081.0
2018-02-17,4256.0,2018-02-12,65081.0
2018-02-18,15842.0,2018-02-12,65081.0
2018-02-19,6086.0,2018-02-19,57914.0
2018-02-20,4935.0,2018-02-19,57914.0
2018-02-21,6733.0,2018-02-19,57914.0
2018-02-22,8048.0,2018-02-19,57914.0
2018-02-23,13533.0,2018-02-19,57914.0
2018-02-24,6156.0,2018-02-19,57914.0
2018-02-25,12423.0,2018-02-19,57914.0
2018-02-26,12499.0,2018-02-26,61873.0
2018-02-27,9964.0,2018-02-26,61873.0
2018-02-28,7160.0,2018-02-26,61873.0
2018-03-01,5238.0,2018-02-26,61873.0
2018-03-02,13346.0,2018-02-26,61873.0
2018-03-03,3198.0,2018-02-26,61873.0
2018-03-04,10468.0,2018-02-26,61873.0
2018-03-05,4637.0,2018-03-05,67724.0
2018-03-06,7027.0,2018-03-05,67724.0
2018-03-07,9840.0,2018-03-05,67724.0
2018-03-08,5470.0,2018-03-05,67724.0
2018-03-09,12645.0,2018-03-05,67724.0
2018-03-10,12284.0,2018-03-05,67724.0
2018-03-11,15821.0,2018-03-05,67724.0
2018-03-12,4610.0,2018-03-12,60368.0
2018-03-13,5984.0,2018-03-12,60368.0
2018-03-14,10607.0,2018-03-12,60368.0
2018-03-15,4732.0,2018-03-12,60368.0
2018-03-16,12640.0,2018-03-12,60368.0
2018-03-17,6466.0,2018-03-12,60368.0
2018-03-18,15329.0,2018-03-12,60368.0
2018-03-19,6186.0,2018-03-19,66033.0
2018-03-20,9014.0,2018-03-19,66033.0
2018-03-21,6091.0,2018-03-19,66033.0
2018-03-22,10948.0,2018-03-19,66033.0
2018-03-23,11463.0,2018-03-19,66033.0
2018-03-24,10006.0,2018-03-19,66033.0
2018-03-25,12325.0,2018-03-19,66033.0
2018-03-26,5312.0,2018-03-26,60478.0
2018-03-27,10973.0,2018-03-26,60478.0
2018-03-28,9235.0,2018-03-26,60478.0
2018-03-29,7891.0,2018-03-26,60478.0
2018-03-30,10895.0,2018-03-26,60478.0
2018-03-31,5685.0,2018-03-26,60478.0
2018-04-01,10487.0,2018-03-26,60478.0
2018-04-02,15075.0,2018-04-02,54589.0
2018-04-03,3576.0,2018-04-02,54589.0
2018-04-04,8349.0,2018-04-02,54589.0
2018-04-05,4927.0,2018-04-02,54589.0
2018-04-06,2799.0,2018-04-02,54589.0
2018-04-07,6212.0,2018-04-02,54589.0
2018-04-08,13651.0,2018-04-02,54589.0
2018-04-09,8352.0,2018-04-09,61252.0
2018-04-10,12733.0,2018-04-09,61252.0
2018-04-11,6158.0,2018-04-09,61252.0
2018-04-12,8366.0,2018-04-09,61252.0
2018-04-13,7908.0,2018-04-09,61252.0
2018-04-14,5497.0,2018-04-09,61252.0
2018-04-15,12238.0,2018-04-09,61252.0
2018-04-16,8444.0,2018-04-16,45746.0
2018-04-17,3060.0,2018-04-16,45746.0
2018-04-18,5736.0,2018-04-16,45746.0
2018-04-19,7476.0,2018-04-16,45746.0
2018-04-20,5146.0,2018-04-16,45746.0
2018-04-21,5187.0,2018-04-16,45746.0
2018-04-22,10697.0,2018-04-16,45746.0
2018-04-23,17380.0,2018-04-23,92694.0
2018-04-24,11370.0,2018-04-23,92694.0
2018-04-25,9556.0,2018-04-23,92694.0
2018-04-26,14332.0,2018-04-23,92694.0
2018-04-27,14558.0,2018-04-23,92694.0
2018-04-28,17867.0,2018-04-23,92694.0
2018-04-29,7631.0,2018-04-23,92694.0
2018-04-30,13870.0,2018-04-30,63699.0
2018-05-01,6029.0,2018-04-30,63699.0
2018-05-02,9953.0,2018-04-30,63699.0
2018-05-03,7469.0,2018-04-30,63699.0
2018-05-04,8151.0,2018-04-30,63699.0
2018-05-05,5712.0,2018-04-30,63699.0
2018-05-06,12515.0,2018-04-30,63699.0
2018-05-07,5675.0,2018-05-07,54808.0
2018-05-08,7497.0,2018-05-07,54808.0
2018-05-09,5845.0,2018-05-07,54808.0
2018-05-10,6440.0,2018-05-07,54808.0
2018-05-11,13247.0,2018-05-07,54808.0
2018-05-12,5245.0,2018-05-07,54808.0
2018-05-13,10859.0,2018-05-07,54808.0
2018-05-14,10957.0,2018-05-14,70205.0
2018-05-15,5416.0,2018-05-14,70205.0
2018-05-16,7985.0,2018-05-14,70205.0
2018-05-17,13961.0,2018-05-14,70205.0
2018-05-18,7600.0,2018-05-14,70205.0
2018-05-19,9244.0,2018-05-14,70205.0
2018-05-20,15042.0,2018-05-14,70205.0
2018-05-21,14867.0,2018-05-21,95323.0
2018-05-22,15869.0,2018-05-21,95323.0
2018-05-23,12450.0,2018-05-21,95323.0
2018-05-24,11912.0,2018-05-21,95323.0
2018-05-25,10437.0,2018-05-21,95323.0
2018-05-26,11055.0,2018-05-21,95323.0
2018-05-27,18733.0,2018-05-21,95323.0
2018-05-28,10365.0,2018-05-28,68884.0
2018-05-29,7015.0,2018-05-28,68884.0
2018-05-30,10443.0,2018-05-28,68884.0
2018-05-31,8281.0,2018-05-28,68884.0
2018-06-01,6205.0,2018-05-28,68884.0
2018-06-02,7336.0,2018-05-28,68884.0
2018-06-03,19239.0,2018-05-28,68884.0
2018-06-04,11047.0,2018-06-04,77264.0
2018-06-05,8097.0,2018-06-04,77264.0
2018-06-06,11587.0,2018-06-04,77264.0
2018-06-07,9558.0,2018-06-04,77264.0
2018-06-08,16605.0,2018-06-04,77264.0
2018-06-09,7080.0,2018-06-04,77264.0
2018-06-10,13290.0,2018-06-04,77264.0
2018-06-11,8763.0,2018-06-11,71934.0
2018-06-12,11189.0,2018-06-11,71934.0
2018-06-13,8943.0,2018-06-11,71934.0
2018-06-14,9721.0,2018-06-11,71934.0
2018-06-15,11712.0,2018-06-11,71934.0
2018-06-16,4982.0,2018-06-11,71934.0
2018-06-17,16624.0,2018-06-11,71934.0
2018-06-18,9173.0,2018-06-18,96864.0
2018-06-19,12245.0,2018-06-18,96864.0
2018-06-20,4420.0,2018-06-18,96864.0
2018-06-21,16306.0,2018-06-18,96864.0
2018-06-22,18341.0,2018-06-18,96864.0
2018-06-23,19003.0,2018-06-18,96864.0
2018-06-24,17376.0,2018-06-18,96864.0
2018-06-25,15300.0,2018-06-25,100155.0
2018-06-26,17520.0,2018-06-25,100155.0
2018-06-27,14164.0,2018-06-25,100155.0
2018-06-28,12739.0,2018-06-25,100155.0
2018-06-29,13132.0,2018-06-25,100155.0
2018-06-30,13177.0,2018-06-25,100155.0
2018-07-01,14123.0,2018-06-25,100155.0
2018-07-02,18542.0,2018-07-02,99490.0
2018-07-03,19459.0,2018-07-02,99490.0
2018-07-04,12849.0,2018-07-02,99490.0
2018-07-05,13907.0,2018-07-02,99490.0
2018-07-06,8107.0,2018-07-02,99490.0
2018-07-07,13635.0,2018-07-02,99490.0
2018-07-08,12991.0,2018-07-02,99490.0
2018-07-09,9980.0,2018-07-09,83659.0
2018-07-10,11191.0,2018-07-09,83659.0
2018-07-11,15447.0,2018-07-09,83659.0
2018-07-12,11813.0,2018-07-09,83659.0
2018-07-13,12795.0,2018-07-09,83659.0
2018-07-14,12717.0,2018-07-09,83659.0
2018-07-15,9716.0,2018-07-09,83659.0
2018-07-16,10758.0,2018-07-16,58856.0
2018-07-17,8500.0,2018-07-16,58856.0
2018-07-18,9241.0,2018-07-16,58856.0
2018-07-19,8602.0,2018-07-16,58856.0
2018-07-20,5457.0,2018-07-16,58856.0
2018-07-21,4760.0,2018-07-16,58856.0
2018-07-22,11538.0,2018-07-16,58856.0
2018-07-23,8560.0,2018-07-23,65082.0
2018-07-24,4910.0,2018-07-23,65082.0
2018-07-25,6657.0,2018-07-23,65082.0
2018-07-26,5921.0,2018-07-23,65082.0
2018-07-27,14941.0,2018-07-23,65082.0
2018-07-28,9194.0,2018-07-23,65082.0
2018-07-29,14899.0,2018-07-23,65082.0
2018-07-30,10124.0,2018-07-30,82683.0
2018-07-31,7146.0,2018-07-30,82683.0
2018-08-01,14163.0,2018-07-30,82683.0
2018-08-02,7783.0,2018-07-30,82683.0
2018-08-03,15434.0,2018-07-30,82683.0
2018-08-04,9500.0,2018-07-30,82683.0
2018-08-05,18533.0,2018-07-30,82683.0
2018-08-06,11631.0,2018-08-06,56396.0
2018-08-07,5441.0,2018-08-06,56396.0
2018-08-08,15056.0,2018-08-06,56396.0
2018-08-09,7296.0,2018-08-06,56396.0
2018-08-10,6483.0,2018-08-06,56396.0
2018-08-11,3053.0,2018-08-06,56396.0
2018-08-12,7436.0,2018-08-06,56396.0
2018-08-13,9691.0,2018-08-13,70567.0
2018-08-14,12359.0,2018-08-13,70567.0
2018-08-15,11128.0,2018-08-13,70567.0
2018-08-16,6571.0,2018-08-13,70567.0
2018-08-17,13165.0,2018-08-13,70567.0
2018-08-18,5448.0,2018-08-13,70567.0
2018-08-19,12205.0,2018-08-13,70567.0
2018-08-20,11154.0,2018-08-20,76770.0
2018-08-21,5862.0,2018-08-20,76770.0
2018-08-22,14932.0,2018-08-20,76770.0
2018-08-23,14235.0,2018-08-20,76770.0
2018-08-24,12933.0,2018-08-20,76770.0
2018-08-25,6082.0,2018-08-20,76770.0
2018-08-26,11572.0,2018-08-20,76770.0
2018-08-27,8418.0,2018-08-27,73736.0
2018-08-28,13556.0,2018-08-27,73736.0
2018-08-29,7394.0,2018-08-27,73736.0
2018-08-30,12764.0,2018-08-27,73736.0
2018-08-31,11139.0,2018-08-27,73736.0
2018-09-01,7439.0,2018-08-27,73736.0
2018-09-02,13026.0,2018-08-27,73736.0
2018-09-03,9893.0,2018-09-03,74701.0
2018-09-04,9590.0,2018-09-03,74701.0
2018-09-05,18315.0,2018-09-03,74701.0
2018-09-06,8741.0,2018-09-03,74701.0
2018-09-07,9698.0,2018-09-03,74701.0
2018-09-08,4242.0,2018-09-03,74701.0
2018-09-09,14222.0,2018-09-03,74701.0
2018-09-10,5976.0,2018-09-10,56166.0
2018-09-11,6266.0,2018-09-10,56166.0
2018-09-12,8392.0,2018-09-10,56166.0
2018-09-13,8974.0,2018-09-10,56166.0
2018-09-14,11529.0,2018-09-10,56166.0
2018-09-15,4894.0,2018-09-10,56166.0
2018-09-16,10135.0,2018-09-10,56166.0
2018-09-17,7326.0,2018-09-17,60614.0
2018-09-18,12641.0,2018-09-17,60614.0
2018-09-19,5275.0,2018-09-17,60614.0
2018-09-20,5267.0,2018-09-17,60614.0
2018-09-21,13254.0,2018-09-17,60614.0
2018-09-22,8296.0,2018-09-17,60614.0
2018-09-23,8555.0,2018-09-17,60614.0
2018-09-24,4517.0,2018-09-24,65314.0
2018-09-25,6247.0,2018-09-24,65314.0
2018-09-26,10862.0,2018-09-24,65314.0
2018-09-27,9107.0,2018-09-24,65314.0
2018-09-28,17840.0,2018-09-24,65314.0
2018-09-29,3558.0,2018-09-24,65314.0
2018-09-30,13183.0,2018-09-24,65314.0
2018-10-01,8173.0,2018-10-01,104379.0
2018-10-02,14948.0,2018-10-01,104379.0
2018-10-03,17852.0,2018-10-01,104379.0
2018-10-04,12740.0,2018-10-01,104379.0
2018-10-05,8367.0,2018-10-01,104379.0
2018-10-06,24026.0,2018-10-01,104379.0
2018-10-07,18273.0,2018-10-01,104379.0
2018-10-08,8310.0,2018-10-08,70479.0
2018-10-09,10665.0,2018-10-08,70479.0
2018-10-10,9754.0,2018-10-08,70479.0
2018-10-11,6370.0,2018-10-08,70479.0
2018-10-12,17785.0,2018-10-08,70479.0
2018-10-13,12922.0,2018-10-08,70479.0
2018-10-14,4673.0,2018-10-08,70479.0
2018-10-15,13495.0,2018-10-15,69544.0
2018-10-16,13199.0,2018-10-15,69544.0
2018-10-17,13111.0,2018-10-15,69544.0
2018-10-18,12665.0,2018-10-15,69544.0
2018-10-19,8462.0,2018-10-15,69544.0
2018-10-20,5795.0,2018-10-15,69544.0
2018-10-21,2817.0,2018-10-15,69544.0
2018-10-22,18763.0,2018-10-22,99857.0
2018-10-23,17933.0,2018-10-22,99857.0
2018-10-24,21863.0,2018-10-22,99857.0
2018-10-25,13561.0,2018-10-22,99857.0
2018-10-26,12398.0,2018-10-22,99857.0
2018-10-27,7721.0,2018-10-22,99857.0
2018-10-28,7618.0,2018-10-22,99857.0
2018-10-29,9690.0,2018-10-29,60545.0
2018-10-30,17147.0,2018-10-29,60545.0
2018-10-31,9468.0,2018-10-29,60545.0
2018-11-01,5097.0,2018-10-29,60545.0
2018-11-02,4118.0,2018-10-29,60545.0
2018-11-03,9136.0,2018-10-29,60545.0
2018-11-04,5889.0,2018-10-29,60545.0
2018-11-05,9520.0,2018-11-05,45355.0
2018-11-06,9122.0,2018-11-05,45355.0
2018-11-07,5878.0,2018-11-05,45355.0
2018-11-08,5975.0,2018-11-05,45355.0
2018-11-09,5217.0,2018-11-05,45355.0
2018-11-10,4692.0,2018-11-05,45355.0
2018-11-11,4951.0,2018-11-05,45355.0
2018-11-12,6177.0,2018-11-12,48020.0
2018-11-13,10443.0,2018-11-12,48020.0
2018-11-14,8859.0,2018-11-12,48020.0
2018-11-15,7566.0,2018-11-12,48020.0
2018-11-16,4514.0,2018-11-12,48020.0
2018-11-17,6953.0,2018-11-12,48020.0
2018-11-18,3508.0,2018-11-12,48020.0
2018-11-19,14616.0,2018-11-19,68278.0
2018-11-20,7279.0,2018-11-19,68278.0
2018-11-21,7677.0,2018-11-19,68278.0
2018-11-22,19955.0,2018-11-19,68278.0
2018-11-23,5087.0,2018-11-19,68278.0
2018-11-24,5008.0,2018-11-19,68278.0
2018-11-25,8656.0,2018-11-19,68278.0
2018-11-26,13781.0,2018-11-26,59674.0
2018-11-27,8389.0,2018-11-26,59674.0
2018-11-28,4663.0,2018-11-26,59674.0
2018-11-29,12378.0,2018-11-26,59674.0
2018-11-30,9175.0,2018-11-26,59674.0
2018-12-01,5012.0,2018-11-26,59674.0
2018-12-02,6276.0,2018-11-26,59674.0
2018-12-03,9553.0,2018-12-03,56014.0
2018-12-04,7120.0,2018-12-03,56014.0
2018-12-05,7180.0,2018-12-03,56014.0
2018-12-06,11836.0,2018-12-03,56014.0
2018-12-07,11554.0,2018-12-03,56014.0
2018-12-08,2405.0,2018-12-03,56014.0
2018-12-09,6366.0,2018-12-03,56014.0
2018-12-10,10543.0,2018-12-10,55431.0
2018-12-11,4578.0,2018-12-10,55431.0
2018-12-12,6605.0,2018-12-10,55431.0
2018-12-13,4092.0,2018-12-10,55431.0
2018-12-14,8932.0,2018-12-10,55431.0
2018-12-15,9440.0,2018-12-10,55431.0
2018-12-16,11241.0,2018-12-10,55431.0
2018-12-17,7501.0,2018-12-17,53202.0
2018-12-18,5097.0,2018-12-17,53202.0
2018-12-19,6810.0,2018-12-17,53202.0
2018-12-20,8081.0,2018-12-17,53202.0
2018-12-21,9005.0,2018-12-17,53202.0
2018-12-22,6718.0,2018-12-17,53202.0
2018-12-23,9990.0,2018-12-17,53202.0
2018-12-24,7774.0,2018-12-24,66328.0
2018-12-25,7969.0,2018-12-24,66328.0
2018-12-26,6938.0,2018-12-24,66328.0
2018-12-27,12458.0,2018-12-24,66328.0
2018-12-28,11156.0,2018-12-24,66328.0
2018-12-29,9983.0,2018-12-24,66328.0
2018-12-30,10050.0,2018-12-24,66328.0
2018-12-31,9401.0,2018-12-31,62851.0
2019-01-01,6492.0,2018-12-31,62851.0
2019-01-02,7090.0,2018-12-31,62851.0
2019-01-03,11635.0,2018-12-31,62851.0
2019-01-04,10440.0,2018-12-31,62851.0
2019-01-05,5527.0,2018-12-31,62851.0
2019-01-06,12266.0,2018-12-31,62851.0
2019-01-07,6539.0,2019-01-07,72965.0
2019-01-08,6420.0,2019-01-07,72965.0
2019-01-09,11777.0,2019-01-07,72965.0
2019-01-10,13168.0,2019-01-07,72965.0
2019-01-11,10145.0,2019-01-07,72965.0
2019-01-12,13806.0,2019-01-07,72965.0
2019-01-13,11110.0,2019-01-07,72965.0
2019-01-14,10019.0,2019-01-14,61833.0
2019-01-15,11841.0,2019-01-14,61833.0
2019-01-16,5858.0,2019-01-14,61833.0
2019-01-17,10450.0,2019-01-14,61833.0
2019-01-18,8886.0,2019-01-14,61833.0
2019-01-19,7465.0,2019-01-14,61833.0
2019-01-20,7314.0,2019-01-14,61833.0
2019-01-21,10348.0,2019-01-21,57920.0
2019-01-22,10942.0,2019-01-21,57920.0
2019-01-23,5710.0,2019-01-21,57920.0
2019-01-24,13066.0,2019-01-21,57920.0
2019-01-25,4641.0,2019-01-21,57920.0
2019-01-26,4756.0,2019-01-21,57920.0
2019-01-27,8457.0,2019-01-21,57920.0
2019-01-28,12835.0,2019-01-28,63936.0
2019-01-29,7801.0,2019-01-28,63936.0
2019-01-30,10238.0,2019-01-28,63936.0
2019-01-31,6251.0,2019-01-28,63936.0
2019-02-01,11414.0,2019-01-28,63936.0
2019-02-02,4045.0,2019-01-28,63936.0
2019-02-03,11352.0,2019-01-28,63936.0
2019-02-04,4886.0,2019-02-04,54426.0
2019-02-05,6398.0,2019-02-04,54426.0
2019-02-06,5526.0,2019-02-04,54426.0
2019-02-07,11575.0,2019-02-04,54426.0
2019-02-08,7070.0,2019-02-04,54426.0
2019-02-09,8375.0,2019-02-04,54426.0
2019-02-10,10596.0,2019-02-04,54426.0
2019-02-11,7727.0,2019-02-11,61027.0
2019-02-12,10790.0,2019-02-11,61027.0
2019-02-13,6794.0,2019-02-11,61027.0
2019-02-14,7320.0,2019-02-11,61027.0
2019-02-15,12901.0,2019-02-11,61027.0
2019-02-16,8838.0,2019-02-11,61027.0
2019-02-17,6657.0,2019-02-11,61027.0
2019-02-18,13219.0,2019-02-18,77877.0
2019-02-19,11668.0,2019-02-18,77877.0
2019-02-20,7348.0,2019-02-18,77877.0
2019-02-21,11648.0,2019-02-18,77877.0
2019-02-22,10735.0,2019-02-18,77877.0
2019-02-23,9511.0,2019-02-18,77877.0
2019-02-24,13748.0,2019-02-18,77877.0
2019-02-25,9618.0,2019-02-25,73733.0
2019-02-26,14153.0,2019-02-25,73733.0
2019-02-27,7425.0,2019-02-25,73733.0
2019-02-28,10372.0,2019-02-25,73733.0
2019-03-01,7719.0,2019-02-25,73733.0
2019-03-02,12258.0,2019-02-25,73733.0
2019-03-03,12188.0,2019-02-25,73733.0
2019-03-04,9719.0,2019-03-04,65085.0
2019-03-05,6401.0,2019-03-04,65085.0
2019-03-06,9082.0,2019-03-04,65085.0
2019-03-07,14990.0,2019-03-04,65085.0
2019-03-08,9182.0,2019-03-04,65085.0
2019-03-09,2862.0,2019-03-04,65085.0
2019-03-10,12849.0,2019-03-04,65085.0
2019-03-11,17210.0,2019-03-11,86704.0
2019-03-12,13208.0,2019-03-11,86704.0
2019-03-13,14414.0,2019-03-11,86704.0
2019-03-14,15288.0,2019-03-11,86704.0
2019-03-15,9260.0,2019-03-11,86704.0
2019-03-16,6890.0,2019-03-11,86704.0
2019-03-17,10434.0,2019-03-11,86704.0
2019-03-18,12509.0,2019-03-18,73643.0
2019-03-19,19717.0,2019-03-18,73643.0
2019-03-20,6789.0,2019-03-18,73643.0
2019-03-21,6987.0,2019-03-18,73643.0
2019-03-22,9563.0,2019-03-18,73643.0
2019-03-23,8266.0,2019-03-18,73643.0
2019-03-24,9812.0,2019-03-18,73643.0
2019-03-25,11917.0,2019-03-25,75151.0
2019-03-26,14894.0,2019-03-25,75151.0
2019-03-27,4294.0,2019-03-25,75151.0
2019-03-28,13262.0,2019-03-25,75151.0
2019-03-29,10900.0,2019-03-25,75151.0
2019-03-30,6793.0,2019-03-25,75151.0
2019-03-31,13091.0,2019-03-25,75151.0
2019-04-01,11157.0,2019-04-01,92721.0
2019-04-02,7219.0,2019-04-01,92721.0
2019-04-03,2970.0,2019-04-01,92721.0
2019-04-04,18520.0,2019-04-01,92721.0
2019-04-05,11397.0,2019-04-01,92721.0
2019-04-06,17407.0,2019-04-01,92721.0
2019-04-07,24051.0,2019-04-01,92721.0
2019-04-08,13221.0,2019-04-08,55262.0
2019-04-09,13083.0,2019-04-08,55262.0
2019-04-10,3193.0,2019-04-08,55262.0
2019-04-11,5125.0,2019-04-08,55262.0
2019-04-12,7291.0,2019-04-08,55262.0
2019-04-13,2072.0,2019-04-08,55262.0
2019-04-14,11277.0,2019-04-08,55262.0
2019-04-15,4091.0,2019-04-15,50319.0
2019-04-16,13317.0,2019-04-15,50319.0
2019-04-17,4570.0,2019-04-15,50319.0
2019-04-18,14474.0,2019-04-15,50319.0
2019-04-19,5313.0,2019-04-15,50319.0
2019-04-20,5275.0,2019-04-15,50319.0
2019-04-21,3279.0,2019-04-15,50319.0
2019-04-22,9879.0,2019-04-22,54549.0
2019-04-23,10377.0,2019-04-22,54549.0
2019-04-24,6788.0,2019-04-22,54549.0
2019-04-25,5713.0,2019-04-22,54549.0
2019-04-26,5622.0,2019-04-22,54549.0
2019-04-27,4096.0,2019-04-22,54549.0
2019-04-28,12074.0,2019-04-22,54549.0
2019-04-29,13497.0,2019-04-29,86068.0
2019-04-30,12953.0,2019-04-29,86068.0
2019-05-01,7337.0,2019-04-29,86068.0
2019-05-02,11877.0,2019-04-29,86068.0
2019-05-03,19352.0,2019-04-29,86068.0
2019-05-04,8653.0,2019-04-29,86068.0
2019-05-05,12399.0,2019-04-29,86068.0
2019-05-06,8590.0,2019-05-06,70172.0
2019-05-07,11389.0,2019-05-06,70172.0
2019-05-08,7872.0,2019-05-06,70172.0
2019-05-09,13238.0,2019-05-06,70172.0
2019-05-10,12165.0,2019-05-06,70172.0
2019-05-11,5750.0,2019-05-06,70172.0
2019-05-12,11168.0,2019-05-06,70172.0
2019-05-13,6390.0,2019-05-13,81874.0
2019-05-14,15838.0,2019-05-13,81874.0
2019-05-15,18186.0,2019-05-13,81874.0
2019-05-16,8057.0,2019-05-13,81874.0
2019-05-17,11466.0,2019-05-13,81874.0
2019-05-18,4473.0,2019-05-13,81874.0
2019-05-19,17464.0,2019-05-13,81874.0
2019-05-20,17193.0,2019-05-20,99467.0
2019-05-21,15006.0,2019-05-20,99467.0
2019-05-22,17238.0,2019-05-20,99467.0
2019-05-23,13574.0,2019-05-20,99467.0
2019-05-24,13823.0,2019-05-20,99467.0
2019-05-25,8957.0,2019-05-20,99467.0
2019-05-26,13676.0,2019-05-20,99467.0
2019-05-27,10298.0,2019-05-27,68471.0
2019-05-28,15100.0,2019-05-27,68471.0
2019-05-29,9769.0,2019-05-27,68471.0
2019-05-30,7646.0,2019-05-27,68471.0
2019-05-31,7628.0,2019-05-27,68471.0
2019-06-01,11069.0,2019-05-27,68471.0
2019-06-02,6961.0,2019-05-27,68471.0
2019-06-03,10105.0,2019-06-03,87503.0
2019-06-04,7337.0,2019-06-03,87503.0
2019-06-05,13376.0,2019-06-03,87503.0
2019-06-06,10876.0,2019-06-03,87503.0
2019-06-07,19065.0,2019-06-03,87503.0
2019-06-08,14618.0,2019-06-03,87503.0
2019-06-09,12126.0,2019-06-03,87503.0
2019-06-10,10301.0,2019-06-10,78435.0
2019-06-11,5706.0,2019-06-10,78435.0
2019-06-12,7259.0,2019-06-10,78435.0
2019-06-13,10233.0,2019-06-10,78435.0
2019-06-14,16207.0,2019-06-10,78435.0
2019-06-15,12943.0,2019-06-10,78435.0
2019-06-16,15786.0,2019-06-10,78435.0
2019-06-17,14104.0,2019-06-17,97027.0
2019-06-18,19059.0,2019-06-17,97027.0
2019-06-19,11254.0,2019-06-17,97027.0
2019-06-20,15981.0,2019-06-17,97027.0
2019-06-21,8839.0,2019-06-17,97027.0
2019-06-22,18446.0,2019-06-17,97027.0
2019-06-23,9344.0,2019-06-17,97027.0
2019-06-24,15200.0,2019-06-24,117047.0
2019-06-25,11200.0,2019-06-24,117047.0
2019-06-26,9786.0,2019-06-24,117047.0
2019-06-27,16473.0,2019-06-24,117047.0
2019-06-28,17732.0,2019-06-24,117047.0
2019-06-29,25321.0,2019-06-24,117047.0
2019-06-30,21335.0,2019-06-24,117047.0
2019-07-01,13280.0,2019-07-01,80346.0
2019-07-02,11409.0,2019-07-01,80346.0
2019-07-03,13836.0,2019-07-01,80346.0
2019-07-04,9205.0,2019-07-01,80346.0
2019-07-05,10317.0,2019-07-01,80346.0
2019-07-06,3702.0,2019-07-01,80346.0
2019-07-07,18597.0,2019-07-01,80346.0
2019-07-08,13733.0,2019-07-08,68082.0
2019-07-09,7552.0,2019-07-08,68082.0
2019-07-10,3874.0,2019-07-08,68082.0
2019-07-11,12293.0,2019-07-08,68082.0
2019-07-12,12140.0,2019-07-08,68082.0
2019-07-13,4271.0,2019-07-08,68082.0
2019-07-14,14219.0,2019-07-08,68082.0
2019-07-15,13098.0,2019-07-15,81681.0
2019-07-16,13426.0,2019-07-15,81681.0
2019-07-17,11689.0,2019-07-15,81681.0
2019-07-18,15616.0,2019-07-15,81681.0
2019-07-19,15810.0,2019-07-15,81681.0
2019-07-20,3092.0,2019-07-15,81681.0
2019-07-21,8950.0,2019-07-15,81681.0
2019-07-22,12332.0,2019-07-22,70343.0
2019-07-23,4344.0,2019-07-22,70343.0
2019-07-24,12125.0,2019-07-22,70343.0
2019-07-25,6123.0,2019-07-22,70343.0
2019-07-26,11564.0,2019-07-22,70343.0
2019-07-27,7644.0,2019-07-22,70343.0
2019-07-28,16211.0,2019-07-22,70343.0
2019-07-29,13911.0,2019-07-29,64777.0
2019-07-30,6044.0,2019-07-29,64777.0
2019-07-31,13335.0,2019-07-29,64777.0
2019-08-01,3831.0,2019-07-29,64777.0
2019-08-02,16181.0,2019-07-29,64777.0
2019-08-03,4924.0,2019-07-29,64777.0
2019-08-04,6551.0,2019-07-29,64777.0
2019-08-05,11936.0,2019-08-05,68314.0
2019-08-06,10530.0,2019-08-05,68314.0
2019-08-07,11620.0,2019-08-05,68314.0
2019-08-08,7459.0,2019-08-05,68314.0
2019-08-09,14087.0,2019-08-05,68314.0
2019-08-10,5089.0,2019-08-05,68314.0
2019-08-11,7593.0,2019-08-05,68314.0
2019-08-12,7989.0,2019-08-12,69967.0
2019-08-13,13060.0,2019-08-12,69967.0
2019-08-14,9039.0,2019-08-12,69967.0
2019-08-15,9209.0,2019-08-12,69967.0
2019-08-16,12077.0,2019-08-12,69967.0
2019-08-17,8592.0,2019-08-12,69967.0
2019-08-18,10001.0,2019-08-12,69967.0
2019-08-19,10198.0,2019-08-19,73751.0
2019-08-20,6370.0,2019-08-19,73751.0
2019-08-21,14594.0,2019-08-19,73751.0
2019-08-22,6517.0,2019-08-19,73751.0
2019-08-23,14102.0,2019-08-19,73751.0
2019-08-24,7793.0,2019-08-19,73751.0
2019-08-25,14177.0,2019-08-19,73751.0
2019-08-26,5307.0,2019-08-26,63198.0
2019-08-27,18395.0,2019-08-26,63198.0
2019-08-28,12263.0,2019-08-26,63198.0
2019-08-29,5883.0,2019-08-26,63198.0
2019-08-30,6122.0,2019-08-26,63198.0
2019-08-31,3595.0,2019-08-26,63198.0
2019-09-01,11633.0,2019-08-26,63198.0
2019-09-02,8896.0,2019-09-02,70367.0
2019-09-03,16354.0,2019-09-02,70367.0
2019-09-04,8593.0,2019-09-02,70367.0
2019-09-05,6771.0,2019-09-02,70367.0
2019-09-06,14442.0,2019-09-02,70367.0
2019-09-07,6304.0,2019-09-02,70367.0
2019-09-08,9007.0,2019-09-02,70367.0
2019-09-09,9177.0,2019-09-09,94809.0
2019-09-10,16506.0,2019-09-09,94809.0
2019-09-11,11485.0,2019-09-09,94809.0
2019-09-12,12964.0,2019-09-09,94809.0
2019-09-13,13898.0,2019-09-09,94809.0
2019-09-14,21224.0,2019-09-09,94809.0
2019-09-15,9555.0,2019-09-09,94809.0
2019-09-16,12452.0,2019-09-16,68002.0
2019-09-17,4575.0,2019-09-16,68002.0
2019-09-18,9697.0,2019-09-16,68002.0
2019-09-19,9265.0,2019-09-16,68002.0
2019-09-20,12227.0,2019-09-16,68002.0
2019-09-21,3899.0,2019-09-16,68002.0
2019-09-22,15887.0,2019-09-16,68002.0
2019-09-23,6193.0,2019-09-23,81292.0
2019-09-24,21980.0,2019-09-23,81292.0
2019-09-25,7534.0,2019-09-23,81292.0
2019-09-26,10736.0,2019-09-23,81292.0
2019-09-27,7780.0,2019-09-23,81292.0
2019-09-28,12448.0,2019-09-23,81292.0
2019-09-29,14621.0,2019-09-23,81292.0
2019-09-30,6076.0,2019-09-30,58022.0
2019-10-01,4407.0,2019-09-30,58022.0
2019-10-02,12802.0,2019-09-30,58022.0
2019-10-03,8868.0,2019-09-30,58022.0
2019-10-04,11682.0,2019-09-30,58022.0
2019-10-05,3612.0,2019-09-30,58022.0
2019-10-06,10575.0,2019-09-30,58022.0
2019-10-07,11136.0,2019-10-07,65291.0
2019-10-08,13079.0,2019-10-07,65291.0
2019-10-09,6226.0,2019-10-07,65291.0
2019-10-10,6621.0,2019-10-07,65291.0
2019-10-11,12108.0,2019-10-07,65291.0
2019-10-12,2308.0,2019-10-07,65291.0
2019-10-13,13813.0,2019-10-07,65291.0
2019-10-14,7937.0,2019-10-14,68779.0
2019-10-15,7453.0,2019-10-14,68779.0
2019-10-16,16981.0,2019-10-14,68779.0
2019-10-17,11315.0,2019-10-14,68779.0
2019-10-18,9478.0,2019-10-14,68779.0
2019-10-19,4707.0,2019-10-14,68779.0
2019-10-20,10908.0,2019-10-14,68779.0
2019-10-21,11932.0,2019-10-21,76034.0
2019-10-22,9649.0,2019-10-21,76034.0
2019-10-23,16141.0,2019-10-21,76034.0
2019-10-24,11180.0,2019-10-21,76034.0
2019-10-25,8541.0,2019-10-21,76034.0
2019-10-26,7872.0,2019-10-21,76034.0
2019-10-27,10719.0,2019-10-21,76034.0
2019-10-28,6706.0,2019-10-28,65973.0
2019-10-29,14541.0,2019-10-28,65973.0
2019-10-30,8535.0,2019-10-28,65973.0
2019-10-31,7333.0,2019-10-28,65973.0
2019-11-01,7553.0,2019-10-28,65973.0
2019-11-02,3698.0,2019-10-28,65973.0
2019-11-03,17607.0,2019-10-28,65973.0
2019-11-04,6129.0,2019-11-04,65109.0
2019-11-05,12517.0,2019-11-04,65109.0
2019-11-06,7829.0,2019-11-04,65109.0
2019-11-07,9695.0,2019-11-04,65109.0
2019-11-08,11916.0,2019-11-04,65109.0
2019-11-09,7339.0,2019-11-04,65109.0
2019-11-10,9684.0,2019-11-04,65109.0
2019-11-11,14235.0,2019-11-11,66851.0
2019-11-12,5667.0,2019-11-11,66851.0
2019-11-13,7873.0,2019-11-11,66851.0
2019-11-14,8677.0,2019-11-11,66851.0
2019-11-15,13368.0,2019-11-11,66851.0
2019-11-16,5397.0,2019-11-11,66851.0
2019-11-17,11634.0,2019-11-11,66851.0
2019-11-18,9472.0,2019-11-18,51871.0
2019-11-19,5071.0,2019-11-18,51871.0
2019-11-20,5816.0,2019-11-18,51871.0
2019-11-21,4897.0,2019-11-18,51871.0
2019-11-22,12371.0,2019-11-18,51871.0
2019-11-23,7858.0,2019-11-18,51871.0
2019-11-24,6386.0,2019-11-18,51871.0
2019-11-25,8287.0,2019-11-25,61333.0
2019-11-26,16046.0,2019-11-25,61333.0
2019-11-27,7080.0,2019-11-25,61333.0
2019-11-28,8161.0,2019-11-25,61333.0
2019-11-29,7812.0,2019-11-25,61333.0
2019-11-30,5308.0,2019-11-25,61333.0
2019-12-01,8639.0,2019-11-25,61333.0
2019-12-02,12177.0,2019-12-02,69203.0
2019-12-03,8562.0,2019-12-02,69203.0
2019-12-04,8914.0,2019-12-02,69203.0
2019-12-05,9851.0,2019-12-02,69203.0
2019-12-06,12068.0,2019-12-02,69203.0
2019-12-07,6065.0,2019-12-02,69203.0
2019-12-08,11566.0,2019-12-02,69203.0
2019-12-09,15152.0,2019-12-09,67355.0
2019-12-10,7977.0,2019-12-09,67355.0
2019-12-11,5628.0,2019-12-09,67355.0
2019-12-12,8008.0,2019-12-09,67355.0
2019-12-13,6884.0,2019-12-09,67355.0
2019-12-14,11753.0,2019-12-09,67355.0
2019-12-15,11953.0,2019-12-09,67355.0
2019-12-16,6776.0,2019-12-16,65125.0
2019-12-17,11942.0,2019-12-16,65125.0
2019-12-18,7180.0,2019-12-16,65125.0
2019-12-19,13590.0,2019-12-16,65125.0
2019-12-20,6862.0,2019-12-16,65125.0
2019-12-21,7273.0,2019-12-16,65125.0
2019-12-22,11502.0,2019-12-16,65125.0
2019-12-23,14300.0,2019-12-23,60248.0
2019-12-24,7998.0,2019-12-23,60248.0
2019-12-25,5595.0,2019-12-23,60248.0
2019-12-26,6616.0,2019-12-23,60248.0
2019-12-27,5754.0,2019-12-23,60248.0
2019-12-28,6174.0,2019-12-23,60248.0
2019-12-29,13811.0,2019-12-23,60248.0
2019-12-30,11794.0,2019-12-30,76354.0
2019-12-31,12639.0,2019-12-30,76354.0
2020-01-01,12424.0,2019-12-30,76354.0
2020-01-02,15263.0,2019-12-30,76354.0
2020-01-03,9095.0,2019-12-30,76354.0
2020-01-04,3537.0,2019-12-30,76354.0
2020-01-05,11602.0,2019-12-30,76354.0
2020-01-06,11686.0,2020-01-06,75432.0
2020-01-07,14982.0,2020-01-06,75432.0
2020-01-08,6072.0,2020-01-06,75432.0
2020-01-09,15185.0,2020-01-06,75432.0
2020-01-10,12339.0,2020-01-06,75432.0
2020-01-11,4323.0,2020-01-06,75432.0
2020-01-12,10845.0,2020-01-06,75432.0
2020-01-13,6261.0,2020-01-13,51657.0
2020-01-14,6100.0,2020-01-13,51657.0
2020-01-15,8018.0,2020-01-13,51657.0
2020-01-16,11919.0,2020-01-13,51657.0
2020-01-17,5545.0,2020-01-13,51657.0
2020-01-18,2963.0,2020-01-13,51657.0
2020-01-19,10851.0,2020-01-13,51657.0
2020-01-20,11762.0,2020-01-20,67528.0
2020-01-21,9043.0,2020-01-20,67528.0
2020-01-22,6794.0,2020-01-20,67528.0
2020-01-23,16084.0,2020-01-20,67528.0
2020-01-24,6423.0,2020-01-20,67528.0
2020-01-25,3680.0,2020-01-20,67528.0
2020-01-26,13742.0,2020-01-20,67528.0
2020-01-27,7534.0,2020-01-27,67451.0
2020-01-28,10091.0,2020-01-27,67451.0
2020-01-29,9582.0,2020-01-27,67451.0
2020-01-30,12271.0,2020-01-27,67451.0
2020-01-31,11415.0,2020-01-27,67451.0
2020-02-01,8284.0,2020-01-27,67451.0
2020-02-02,8274.0,2020-01-27,67451.0
2020-02-03,6361.0,2020-02-03,58572.0
2020-02-04,13640.0,2020-02-03,58572.0
2020-02-05,11445.0,2020-02-03,58572.0
2020-02-06,11196.0,2020-02-03,58572.0
2020-02-07,4631.0,2020-02-03,58572.0
2020-02-08,5667.0,2020-02-03,58572.0
2020-02-09,5632.0,2020-02-03,58572.0
2020-02-10,8039.0,2020-02-10,65840.0
2020-02-11,16729.0,2020-02-10,65840.0
2020-02-12,5270.0,2020-02-10,65840.0
2020-02-13,7190.0,2020-02-10,65840.0
2020-02-14,11578.0,2020-02-10,65840.0
2020-02-15,7717.0,2020-02-10,65840.0
2020-02-16,9317.0,2020-02-10,65840.0
2020-02-17,10114.0,2020-02-17,60239.0
2020-02-18,9811.0,2020-02-17,60239.0
2020-02-19,3724.0,2020-02-17,60239.0
2020-02-20,13034.0,2020-02-17,60239.0
2020-02-21,7485.0,2020-02-17,60239.0
2020-02-22,4066.0,2020-02-17,60239.0
2020-02-23,12005.0,2020-02-17,60239.0
2020-02-24,6303.0,2020-02-24,49681.0
2020-02-25,12628.0,2020-02-24,49681.0
2020-02-26,4617.0,2020-02-24,49681.0
2020-02-27,11044.0,2020-02-24,49681.0
2020-02-28,7012.0,2020-02-24,49681.0
2020-02-29,3997.0,2020-02-24,49681.0
2020-03-01,4080.0,2020-02-24,49681.0
2020-03-02,4587.0,2020-03-02,46606.0
2020-03-03,11063.0,2020-03-02,46606.0
2020-03-04,4947.0,2020-03-02,46606.0
2020-03-05,9877.0,2020-03-02,46606.0
2020-03-06,6224.0,2020-03-02,46606.0
2020-03-07,2787.0,2020-03-02,46606.0
2020-03-08,7121.0,2020-03-02,46606.0
2020-03-09,7957.0,2020-03-09,64729.0
2020-03-10,13689.0,2020-03-09,64729.0
2020-03-11,13969.0,2020-03-09,64729.0
2020-03-12,11277.0,2020-03-09,64729.0
2020-03-13,5728.0,2020-03-09,64729.0
2020-03-14,3274.0,2020-03-09,64729.0
2020-03-15,8835.0,2020-03-09,64729.0
2020-03-16,2192.0,2020-03-16,32454.0
2020-03-17,8946.0,2020-03-16,32454.0
2020-03-18,5537.0,2020-03-16,32454.0
2020-03-19,3100.0,2020-03-16,32454.0
2020-03-20,3492.0,2020-03-16,32454.0
2020-03-21,1467.0,2020-03-16,32454.0
2020-03-22,7720.0,2020-03-16,32454.0
2020-03-23,1564.0,2020-03-23,23390.0
2020-03-24,3460.0,2020-03-23,23390.0
2020-03-25,2436.0,2020-03-23,23390.0
2020-03-26,4785.0,2020-03-23,23390.0
2020-03-27,2530.0,2020-03-23,23390.0
2020-03-28,1528.0,2020-03-23,23390.0
2020-03-29,7087.0,2020-03-23,23390.0
2020-03-30,2348.0,2020-03-30,24972.0
2020-03-31,1516.0,2020-03-30,24972.0
2020-04-01,1909.0,2020-03-30,24972.0
2020-04-02,7615.0,2020-03-30,24972.0
2020-04-03,5782.0,2020-03-30,24972.0
2020-04-04,882.0,2020-03-30,24972.0
2020-04-05,4920.0,2020-03-30,24972.0
2020-04-06,2047.0,2020-04-06,24792.0
2020-04-07,926.0,2020-04-06,24792.0
2020-04-08,3811.0,2020-04-06,24792.0
2020-04-09,5375.0,2020-04-06,24792.0
2020-04-10,1528.0,2020-04-06,24792.0
2020-04-11,9257.0,2020-04-06,24792.0
2020-04-12,1848.0,2020-04-06,24792.0
2020-04-13,5702.0,2020-04-13,26853.0
2020-04-14,6424.0,2020-04-13,26853.0
2020-04-15,1073.0,2020-04-13,26853.0
2020-04-16,1206.0,2020-04-13,26853.0
2020-04-17,3835.0,2020-04-13,26853.0
2020-04-18,7680.0,2020-04-13,26853.0
2020-04-19,933.0,2020-04-13,26853.0
2020-04-20,1350.0,2020-04-20,33334.0
2020-04-21,1702.0,2020-04-20,33334.0
2020-04-22,2047.0,2020-04-20,33334.0
2020-04-23,4919.0,2020-04-20,33334.0
2020-04-24,6425.0,2020-04-20,33334.0
2020-04-25,11537.0,2020-04-20,33334.0
2020-04-26,5354.0,2020-04-20,33334.0
2020-04-27,2460.0,2020-04-27,41035.0
2020-04-28,7018.0,2020-04-27,41035.0
2020-04-29,6598.0,2020-04-27,41035.0
2020-04-30,2362.0,2020-04-27,41035.0
2020-05-01,11118.0,2020-04-27,41035.0
2020-05-02,9703.0,2020-04-27,41035.0
2020-05-03,1776.0,2020-04-27,41035.0
2020-05-04,4430.0,2020-05-04,37579.0
2020-05-05,1378.0,2020-05-04,37579.0
2020-05-06,13418.0,2020-05-04,37579.0
2020-05-07,4491.0,2020-05-04,37579.0
2020-05-08,3389.0,2020-05-04,37579.0
2020-05-09,5894.0,2020-05-04,37579.0
2020-05-10,4579.0,2020-05-04,37579.0
2020-05-11,2011.0,2020-05-11,36483.0
2020-05-12,6608.0,2020-05-11,36483.0
2020-05-13,10055.0,2020-05-11,36483.0
2020-05-14,2191.0,2020-05-11,36483.0
2020-05-15,2110.0,2020-05-11,36483.0
2020-05-16,6622.0,2020-05-11,36483.0
2020-05-17,6886.0,2020-05-11,36483.0
2020-05-18,3648.0,2020-05-18,26569.0
2020-05-19,5900.0,2020-05-18,26569.0
2020-05-20,2188.0,2020-05-18,26569.0
2020-05-21,2548.0,2020-05-18,26569.0
2020-05-22,3619.0,2020-05-18,26569.0
2020-05-23,5008.0,2020-05-18,26569.0
2020-05-24,3658.0,2020-05-18,26569.0
2020-05-25,4897.0,2020-05-25,44463.0
2020-05-26,8121.0,2020-05-25,44463.0
2020-05-27,3802.0,2020-05-25,44463.0
2020-05-28,8900.0,2020-05-25,44463.0
2020-05-29,8962.0,2020-05-25,44463.0
2020-05-30,3176.0,2020-05-25,44463.0
2020-05-31,6605.0,2020-05-25,44463.0
2020-06-01,1562.0,2020-06-01,42018.0
2020-06-02,4562.0,2020-06-01,42018.0
2020-06-03,7298.0,2020-06-01,42018.0
2020-06-04,7325.0,2020-06-01,42018.0
2020-06-05,6351.0,2020-06-01,42018.0
2020-06-06,8052.0,2020-06-01,42018.0
2020-06-07,6868.0,2020-06-01,42018.0
2020-06-08,6998.0,2020-06-08,39442.0
2020-06-09,1314.0,2020-06-08,39442.0
2020-06-10,4738.0,2020-06-08,39442.0
2020-06-11,9839.0,2020-06-08,39442.0
2020-06-12,2840.0,2020-06-08,39442.0
2020-06-13,2601.0,2020-06-08,39442.0
2020-06-14,11112.0,2020-06-08,39442.0
2020-06-15,3325.0,2020-06-15,46176.0
2020-06-16,5865.0,2020-06-15,46176.0
2020-06-17,3828.0,2020-06-15,46176.0
2020-06-18,9659.0,2020-06-15,46176.0
2020-06-19,2820.0,2020-06-15,46176.0
2020-06-20,9737.0,2020-06-15,46176.0
2020-06-21,10942.0,2020-06-15,46176.0
2020-06-22,8290.0,2020-06-22,63320.0
2020-06-23,13531.0,2020-06-22,63320.0
2020-06-24,6194.0,2020-06-22,63320.0
2020-06-25,8662.0,2020-06-22,63320.0
2020-06-26,7059.0,2020-06-22,63320.0
2020-06-27,16239.0,2020-06-22,63320.0
2020-06-28,3345.0,2020-06-22,63320.0
2020-06-29,3201.0,2020-06-29,56328.0
2020-06-30,9355.0,2020-06-29,56328.0
2020-07-01,6258.0,2020-06-29,56328.0
2020-07-02,10745.0,2020-06-29,56328.0
2020-07-03,1483.0,2020-06-29,56328.0
2020-07-04,13449.0,2020-06-29,56328.0
2020-07-05,11837.0,2020-06-29,56328.0
2020-07-06,4610.0,2020-07-06,36251.0
2020-07-07,3089.0,2020-07-06,36251.0
2020-07-08,2819.0,2020-07-06,36251.0
2020-07-09,2168.0,2020-07-06,36251.0
2020-07-10,6682.0,2020-07-06,36251.0
2020-07-11,2757.0,2020-07-06,36251.0
2020-07-12,14126.0,2020-07-06,36251.0
2020-07-13,3622.0,2020-07-13,47637.0
2020-07-14,1821.0,2020-07-13,47637.0
2020-07-15,5844.0,2020-07-13,47637.0
2020-07-16,4785.0,2020-07-13,47637.0
2020-07-17,10653.0,2020-07-13,47637.0
2020-07-18,8021.0,2020-07-13,47637.0
2020-07-19,12891.0,2020-07-13,47637.0
2020-07-20,7749.0,2020-07-20,48593.0
2020-07-21,6126.0,2020-07-20,48593.0
2020-07-22,17480.0,2020-07-20,48593.0
2020-07-23,5813.0,2020-07-20,48593.0
2020-07-24,7179.0,2020-07-20,48593.0
2020-07-25,2479.0,2020-07-20,48593.0
2020-07-26,1767.0,2020-07-20,48593.0
2020-07-27,2856.0,2020-07-27,59482.0
2020-07-28,12935.0,2020-07-27,59482.0
2020-07-29,6373.0,2020-07-27,59482.0
2020-07-30,11317.0,2020-07-27,59482.0
2020-07-31,6379.0,2020-07-27,59482.0
2020-08-01,11678.0,2020-07-27,59482.0
2020-08-02,7944.0,2020-07-27,59482.0
2020-08-03,6201.0,2020-08-03,42628.0
2020-08-04,8159.0,2020-08-03,42628.0
2020-08-05,4785.0,2020-08-03,42628.0
2020-08-06,7869.0,2020-08-03,42628.0
2020-08-07,3397.0,2020-08-03,42628.0
2020-08-08,6046.0,2020-08-03,42628.0
2020-08-09,6171.0,2020-08-03,42628.0
2020-08-10,4673.0,2020-08-10,50240.0
2020-08-11,10137.0,2020-08-10,50240.0
2020-08-12,6351.0,2020-08-10,50240.0
2020-08-13,6949.0,2020-08-10,50240.0
2020-08-14,5491.0,2020-08-10,50240.0
2020-08-15,7309.0,2020-08-10,50240.0
2020-08-16,9330.0,2020-08-10,50240.0
2020-08-17,3571.0,2020-08-17,42006.0
2020-08-18,4970.0,2020-08-17,42006.0
2020-08-19,5593.0,2020-08-17,42006.0
2020-08-20,8492.0,2020-08-17,42006.0
2020-08-21,10152.0,2020-08-17,42006.0
2020-08-22,2501.0,2020-08-17,42006.0
2020-08-23,6727.0,2020-08-17,42006.0
2020-08-24,2769.0,2020-08-24,49231.0
2020-08-25,10842.0,2020-08-24,49231.0
2020-08-26,7991.0,2020-08-24,49231.0
2020-08-27,9467.0,2020-08-24,49231.0
2020-08-28,3975.0,2020-08-24,49231.0
2020-08-29,5852.0,2020-08-24,49231.0
2020-08-30,8335.0,2020-08-24,49231.0
2020-08-31,5344.0,2020-08-31,42330.0
2020-09-01,4067.0,2020-08-31,42330.0
2020-09-02,5020.0,2020-08-31,42330.0
2020-09-03,7190.0,2020-08-31,42330.0
2020-09-04,8119.0,2020-08-31,42330.0
2020-09-05,3400.0,2020-08-31,42330.0
2020-09-06,9190.0,2020-08-31,42330.0
2020-09-07,7147.0,2020-09-07,46803.0
2020-09-08,6603.0,2020-09-07,46803.0
2020-09-09,6552.0,2020-09-07,46803.0
2020-09-10,6205.0,2020-09-07,46803.0
2020-09-11,7361.0,2020-09-07,46803.0
2020-09-12,7830.0,2020-09-07,46803.0
2020-09-13,5105.0,2020-09-07,46803.0
2020-09-14,3746.0,2020-09-14,44350.0
2020-09-15,6639.0,2020-09-14,44350.0
2020-09-16,5743.0,2020-09-14,44350.0
2020-09-17,9406.0,2020-09-14,44350.0
2020-09-18,6618.0,2020-09-14,44350.0
2020-09-19,7124.0,2020-09-14,44350.0
2020-09-20,5074.0,2020-09-14,44350.0
2020-09-21,2536.0,2020-09-21,38110.0
2020-09-22,4571.0,2020-09-21,38110.0
2020-09-23,5355.0,2020-09-21,38110.0
2020-09-24,11974.0,2020-09-21,38110.0
2020-09-25,6820.0,2020-09-21,38110.0
2020-09-26,2060.0,2020-09-21,38110.0
2020-09-27,4794.0,2020-09-21,38110.0
2020-09-28,6584.0,2020-09-28,56539.0
2020-09-29,8202.0,2020-09-28,56539.0
2020-09-30,8376.0,2020-09-28,56539.0
2020-10-01,9945.0,2020-09-28,56539.0
2020-10-02,7603.0,2020-09-28,56539.0
2020-10-03,11392.0,2020-09-28,56539.0
2020-10-04,4437.0,2020-09-28,56539.0
2020-10-05,6036.0,2020-10-05,42672.0
2020-10-06,4624.0,2020-10-05,42672.0
2020-10-07,8035.0,2020-10-05,42672.0
2020-10-08,7198.0,2020-10-05,42672.0
2020-10-09,5414.0,2020-10-05,42672.0
2020-10-10,2896.0,2020-10-05,42672.0
2020-10-11,8469.0,2020-10-05,42672.0
2020-10-12,3252.0,2020-10-12,43392.0
2020-10-13,8371.0,2020-10-12,43392.0
2020-10-14,3250.0,2020-10-12,43392.0
2020-10-15,8317.0,2020-10-12,43392.0
2020-10-16,4016.0,2020-10-12,43392.0
2020-10-17,3463.0,2020-10-12,43392.0
2020-10-18,12723.0,2020-10-12,43392.0
2020-10-19,2681.0,2020-10-19,34427.0
2020-10-20,12374.0,2020-10-19,34427.0
2020-10-21,3357.0,2020-10-19,34427.0
2020-10-22,3654.0,2020-10-19,34427.0
2020-10-23,5750.0,2020-10-19,34427.0
2020-10-24,3256.0,2020-10-19,34427.0
2020-10-25,3355.0,2020-10-19,34427.0
2020-10-26,6025.0,2020-10-26,47432.0
2020-10-27,6209.0,2020-10-26,47432.0
2020-10-28,9060.0,2020-10-26,47432.0
2020-10-29,10156.0,2020-10-26,47432.0
2020-10-30,11675.0,2020-10-26,47432.0
2020-10-31,3076.0,2020-10-26,47432.0
2020-11-01,1231.0,2020-10-26,47432.0
2020-11-02,2829.0,2020-11-02,49654.0
2020-11-03,4905.0,2020-11-02,49654.0
2020-11-04,7099.0,2020-11-02,49654.0
2020-11-05,8874.0,2020-11-02,49654.0
2020-11-06,6867.0,2020-11-02,49654.0
2020-11-07,12414.0,2020-11-02,49654.0
2020-11-08,6666.0,2020-11-02,49654.0
2020-11-09,5570.0,2020-11-09,52279.0
2020-11-10,8286.0,2020-11-09,52279.0
2020-11-11,4944.0,2020-11-09,52279.0
2020-11-12,8537.0,2020-11-09,52279.0
2020-11-13,7443.0,2020-11-09,52279.0
2020-11-14,12547.0,2020-11-09,52279.0
2020-11-15,4952.0,2020-11-09,52279.0
2020-11-16,3382.0,2020-11-16,54802.0
2020-11-17,12118.0,2020-11-16,54802.0
2020-11-18,7041.0,2020-11-16,54802.0
2020-11-19,6590.0,2020-11-16,54802.0
2020-11-20,6199.0,2020-11-16,54802.0
2020-11-21,15371.0,2020-11-16,54802.0
2020-11-22,4101.0,2020-11-16,54802.0
2020-11-23,5906.0,2020-11-23,55966.0
2020-11-24,10749.0,2020-11-23,55966.0
2020-11-25,8222.0,2020-11-23,55966.0
2020-11-26,15554.0,2020-11-23,55966.0
2020-11-27,5759.0,2020-11-23,55966.0
2020-11-28,6691.0,2020-11-23,55966.0
2020-11-29,3085.0,2020-11-23,55966.0
2020-11-30,12359.0,2020-11-30,58914.0
2020-12-01,8861.0,2020-11-30,58914.0
2020-12-02,5161.0,2020-11-30,58914.0
2020-12-03,8662.0,2020-11-30,58914.0
2020-12-04,6530.0,2020-11-30,58914.0
2020-12-05,9421.0,2020-11-30,58914.0
2020-12-06,7920.0,2020-11-30,58914.0
2020-12-07,2987.0,2020-12-07,34933.0
2020-12-08,5466.0,2020-12-07,34933.0
2020-12-09,6887.0,2020-12-07,34933.0
2020-12-10,8188.0,2020-12-07,34933.0
2020-12-11,5697.0,2020-12-07,34933.0
2020-12-12,995.0,2020-12-07,34933.0
2020-12-13,4713.0,2020-12-07,34933.0
2020-12-14,6058.0,2020-12-14,45010.0
2020-12-15,5351.0,2020-12-14,45010.0
2020-12-16,7770.0,2020-12-14,45010.0
2020-12-17,8095.0,2020-12-14,45010.0
2020-12-18,6704.0,2020-12-14,45010.0
2020-12-19,2348.0,2020-12-14,45010.0
2020-12-20,8684.0,2020-12-14,45010.0
2020-12-21,3101.0,2020-12-21,59837.0
2020-12-22,9487.0,2020-12-21,59837.0
2020-12-23,20996.0,2020-12-21,59837.0
2020-12-24,11434.0,2020-12-21,59837.0
2020-12-25,2076.0,2020-12-21,59837.0
2020-12-26,4491.0,2020-12-21,59837.0
2020-12-27,8252.0,2020-12-21,59837.0
2020-12-28,10247.0,2020-12-28,87113.0
2020-12-29,10297.0,2020-12-28,87113.0
2020-12-30,21729.0,2020-12-28,87113.0
2020-12-31,18767.0,2020-12-28,87113.0
2021-01-01,4848.0,2020-12-28,87113.0
2021-01-02,7045.0,2020-12-28,87113.0
2021-01-03,14180.0,2020-12-28,87113.0
2021-01-04,11812.0,2021-01-04,68359.0
2021-01-05,12693.0,2021-01-04,68359.0
2021-01-06,11210.0,2021-01-04,68359.0
2021-01-07,6117.0,2021-01-04,68359.0
2021-01-08,9523.0,2021-01-04,68359.0
2021-01-09,12950.0,2021-01-04,68359.0
2021-01-10,4054.0,2021-01-04,68359.0
2021-01-11,5059.0,2021-01-11,61148.0
2021-01-12,12771.0,2021-01-11,61148.0
2021-01-13,6553.0,2021-01-11,61148.0
2021-01-14,9996.0,2021-01-11,61148.0
2021-01-15,9956.0,2021-01-11,61148.0
2021-01-16,11424.0,2021-01-11,61148.0
2021-01-17,5389.0,2021-01-11,61148.0
2021-01-18,9364.0,2021-01-18,56481.0
2021-01-19,6639.0,2021-01-18,56481.0
2021-01-20,7451.0,2021-01-18,56481.0
2021-01-21,11364.0,2021-01-18,56481.0
2021-01-22,5946.0,2021-01-18,56481.0
2021-01-23,8866.0,2021-01-18,56481.0
2021-01-24,6851.0,2021-01-18,56481.0
2021-01-25,4678.0,2021-01-25,55383.0
2021-01-26,7306.0,2021-01-25,55383.0
2021-01-27,3356.0,2021-01-25,55383.0
2021-01-28,9943.0,2021-01-25,55383.0
2021-01-29,7876.0,2021-01-25,55383.0
2021-01-30,14392.0,2021-01-25,55383.0
2021-01-31,7832.0,2021-01-25,55383.0
2021-02-01,7405.0,2021-02-01,58737.0
2021-02-02,11409.0,2021-02-01,58737.0
2021-02-03,5715.0,2021-02-01,58737.0
2021-02-04,10497.0,2021-02-01,58737.0
2021-02-05,8715.0,2021-02-01,58737.0
2021-02-06,2448.0,2021-02-01,58737.0
2021-02-07,12548.0,2021-02-01,58737.0
2021-02-08,9207.0,2021-02-08,49483.0
2021-02-09,7801.0,2021-02-08,49483.0
2021-02-10,6916.0,2021-02-08,49483.0
2021-02-11,12288.0,2021-02-08,49483.0
2021-02-12,8451.0,2021-02-08,49483.0
2021-02-13,2725.0,2021-02-08,49483.0
2021-02-14,2095.0,2021-02-08,49483.0
2021-02-15,2713.0,2021-02-15,41749.0
2021-02-16,10411.0,2021-02-15,41749.0
2021-02-17,4116.0,2021-02-15,41749.0
2021-02-18,5967.0,2021-02-15,41749.0
2021-02-19,8527.0,2021-02-15,41749.0
2021-02-20,6286.0,2021-02-15,41749.0
2021-02-21,3729.0,2021-02-15,41749.0
2021-02-22,10968.0,2021-02-22,53064.0
2021-02-23,6131.0,2021-02-22,53064.0
2021-02-24,3922.0,2021-02-22,53064.0
2021-02-25,7509.0,2021-02-22,53064.0
2021-02-26,7598.0,2021-02-22,53064.0
2021-02-27,3390.0,2021-02-22,53064.0
2021-02-28,13546.0,2021-02-22,53064.0
2021-03-01,5911.0,2021-03-01,65255.0
2021-03-02,16606.0,2021-03-01,65255.0
2021-03-03,6523.0,2021-03-01,65255.0
2021-03-04,13398.0,2021-03-01,65255.0
2021-03-05,6954.0,2021-03-01,65255.0
2021-03-06,3384.0,2021-03-01,65255.0
2021-03-07,12479.0,2021-03-01,65255.0
2021-03-08,4133.0,2021-03-08,56022.0
2021-03-09,7313.0,2021-03-08,56022.0
2021-03-10,9454.0,2021-03-08,56022.0
2021-03-11,11625.0,2021-03-08,56022.0
2021-03-12,6551.0,2021-03-08,56022.0
2021-03-13,7849.0,2021-03-08,56022.0
2021-03-14,9097.0,2021-03-08,56022.0
2021-03-15,6703.0,2021-03-15,45772.0
2021-03-16,8522.0,2021-03-15,45772.0
2021-03-17,4685.0,2021-03-15,45772.0
2021-03-18,8783.0,2021-03-15,45772.0
2021-03-19,6980.0,2021-03-15,45772.0
2021-03-20,3261.0,2021-03-15,45772.0
2021-03-21,6838.0,2021-03-15,45772.0
2021-03-22,9205.0,2021-03-22,65169.0
2021-03-23,5243.0,2021-03-22,65169.0
2021-03-24,11426.0,2021-03-22,65169.0
2021-03-25,9036.0,2021-03-22,65169.0
2021-03-26,13980.0,2021-03-22,65169.0
2021-03-27,7207.0,2021-03-22,65169.0
2021-03-28,9072.0,2021-03-22,65169.0
2021-03-29,4392.0,2021-03-29,60326.0
2021-03-30,14029.0,2021-03-29,60326.0
2021-03-31,5707.0,2021-03-29,60326.0
2021-04-01,17998.0,2021-03-29,60326.0
2021-04-02,4296.0,2021-03-29,60326.0
2021-04-03,3201.0,2021-03-29,60326.0
2021-04-04,10703.0,2021-03-29,60326.0
2021-04-05,11076.0,2021-04-05,59087.0
2021-04-06,8257.0,2021-04-05,59087.0
2021-04-07,5273.0,2021-04-05,59087.0
2021-04-08,14133.0,2021-04-05,59087.0
2021-04-09,10179.0,2021-04-05,59087.0
2021-04-10,6915.0,2021-04-05,59087.0
2021-04-11,3254.0,2021-04-05,59087.0
2021-04-12,6074.0,2021-04-12,68261.0
2021-04-13,9503.0,2021-04-12,68261.0
2021-04-14,5347.0,2021-04-12,68261.0
2021-04-15,10630.0,2021-04-12,68261.0
2021-04-16,13755.0,2021-04-12,68261.0
2021-04-17,4439.0,2021-04-12,68261.0
2021-04-18,18513.0,2021-04-12,68261.0
2021-04-19,7222.0,2021-04-19,60154.0
2021-04-20,4984.0,2021-04-19,60154.0
2021-04-21,14668.0,2021-04-19,60154.0
2021-04-22,8540.0,2021-04-19,60154.0
2021-04-23,7614.0,2021-04-19,60154.0
2021-04-24,6001.0,2021-04-19,60154.0
2021-04-25,11125.0,2021-04-19,60154.0
2021-04-26,9180.0,2021-04-26,68477.0
2021-04-27,15131.0,2021-04-26,68477.0
2021-04-28,4488.0,2021-04-26,68477.0
2021-04-29,7389.0,2021-04-26,68477.0
2021-04-30,9349.0,2021-04-26,68477.0
2021-05-01,5115.0,2021-04-26,68477.0
2021-05-02,17825.0,2021-04-26,68477.0
2021-05-03,8275.0,2021-05-03,57842.0
2021-05-04,4910.0,2021-05-03,57842.0
2021-05-05,6763.0,2021-05-03,57842.0
2021-05-06,6206.0,2021-05-03,57842.0
2021-05-07,9264.0,2021-05-03,57842.0
2021-05-08,12752.0,2021-05-03,57842.0
2021-05-09,9672.0,2021-05-03,57842.0
2021-05-10,6726.0,2021-05-10,59011.0
2021-05-11,8636.0,2021-05-10,59011.0
2021-05-12,6791.0,2021-05-10,59011.0
2021-05-13,14082.0,2021-05-10,59011.0
2021-05-14,8371.0,2021-05-10,59011.0
2021-05-15,3701.0,2021-05-10,59011.0
2021-05-16,10704.0,2021-05-10,59011.0
2021-05-17,6644.0,2021-05-17,57250.0
2021-05-18,5150.0,2021-05-17,57250.0
2021-05-19,6050.0,2021-05-17,57250.0
2021-05-20,8461.0,2021-05-17,57250.0
2021-05-21,11326.0,2021-05-17,57250.0
2021-05-22,10418.0,2021-05-17,57250.0
2021-05-23,9201.0,2021-05-17,57250.0
2021-05-24,11959.0,2021-05-24,66521.0
2021-05-25,13517.0,2021-05-24,66521.0
2021-05-26,11742.0,2021-05-24,66521.0
2021-05-27,10053.0,2021-05-24,66521.0
2021-05-28,7850.0,2021-05-24,66521.0
2021-05-29,1458.0,2021-05-24,66521.0
2021-05-30,9942.0,2021-05-24,66521.0
2021-05-31,12878.0,2021-05-31,78872.0
2021-06-01,7461.0,2021-05-31,78872.0
2021-06-02,12243.0,2021-05-31,78872.0
2021-06-03,9116.0,2021-05-31,78872.0
2021-06-04,11050.0,2021-05-31,78872.0
2021-06-05,15101.0,2021-05-31,78872.0
2021-06-06,11023.0,2021-05-31,78872.0
2021-06-07,7732.0,2021-06-07,42243.0
2021-06-08,3837.0,2021-06-07,42243.0
2021-06-09,6123.0,2021-06-07,42243.0
2021-06-10,4518.0,2021-06-07,42243.0
2021-06-11,3563.0,2021-06-07,42243.0
2021-06-12,6979.0,2021-06-07,42243.0
2021-06-13,9491.0,2021-06-07,42243.0
2021-06-14,18579.0,2021-06-14,51448.0
2021-06-15,5606.0,2021-06-14,51448.0
2021-06-16,7070.0,2021-06-14,51448.0
2021-06-17,10042.0,2021-06-14,51448.0
2021-06-18,3230.0,2021-06-14,51448.0
2021-06-19,2804.0,2021-06-14,51448.0
2021-06-20,4117.0,2021-06-14,51448.0
2021-06-21,3693.0,2021-06-21,44512.0
2021-06-22,8953.0,2021-06-21,44512.0
2021-06-23,9897.0,2021-06-21,44512.0
2021-06-24,9194.0,2021-06-21,44512.0
2021-06-25,2876.0,2021-06-21,44512.0
2021-06-26,731.0,2021-06-21,44512.0
2021-06-27,9168.0,2021-06-21,44512.0
2021-06-28,4391.0,2021-06-28,40508.0
2021-06-29,1602.0,2021-06-28,40508.0
2021-06-30,6703.0,2021-06-28,40508.0
2021-07-01,7138.0,2021-06-28,40508.0
2021-07-02,9054.0,2021-06-28,40508.0
2021-07-03,7179.0,2021-06-28,40508.0
2021-07-04,4441.0,2021-06-28,40508.0
2021-07-05,5663.0,2021-07-05,47910.0
2021-07-06,14228.0,2021-07-05,47910.0
2021-07-07,7115.0,2021-07-05,47910.0
2021-07-08,3476.0,2021-07-05,47910.0
2021-07-09,5804.0,2021-07-05,47910.0
2021-07-10,1856.0,2021-07-05,47910.0
2021-07-11,9768.0,2021-07-05,47910.0
2021-07-12,3739.0,2021-07-12,36604.0
2021-07-13,6580.0,2021-07-12,36604.0
2021-07-14,3351.0,2021-07-12,36604.0
2021-07-15,8548.0,2021-07-12,36604.0
2021-07-16,5716.0,2021-07-12,36604.0
2021-07-17,1711.0,2021-07-12,36604.0
2021-07-18,6959.0,2021-07-12,36604.0
2021-07-19,5478.0,2021-07-19,49391.0
2021-07-20,11374.0,2021-07-19,49391.0
2021-07-21,3637.0,2021-07-19,49391.0
2021-07-22,3319.0,2021-07-19,49391.0
2021-07-23,8351.0,2021-07-19,49391.0
2021-07-24,9185.0,2021-07-19,49391.0
2021-07-25,8047.0,2021-07-19,49391.0
2021-07-26,6389.0,2021-07-26,46965.0
2021-07-27,6843.0,2021-07-26,46965.0
2021-07-28,3796.0,2021-07-26,46965.0
2021-07-29,6493.0,2021-07-26,46965.0
2021-07-30,3701.0,2021-07-26,46965.0
2021-07-31,9563.0,2021-07-26,46965.0
2021-08-01,10180.0,2021-07-26,46965.0
2021-08-02,5188.0,2021-08-02,39580.0
2021-08-03,5131.0,2021-08-02,39580.0
2021-08-04,6276.0,2021-08-02,39580.0
2021-08-05,8851.0,2021-08-02,39580.0
2021-08-06,3523.0,2021-08-02,39580.0
2021-08-07,7445.0,2021-08-02,39580.0
2021-08-08,3166.0,2021-08-02,39580.0
2021-08-09,3362.0,2021-08-09,41646.0
2021-08-10,4136.0,2021-08-09,41646.0
2021-08-11,4242.0,2021-08-09,41646.0
2021-08-12,4312.0,2021-08-09,41646.0
2021-08-13,10890.0,2021-08-09,41646.0
2021-08-14,7339.0,2021-08-09,41646.0
2021-08-15,7365.0,2021-08-09,41646.0
2021-08-16,4396.0,2021-08-16,31054.0
2021-08-17,1930.0,2021-08-16,31054.0
2021-08-18,4792.0,2021-08-16,31054.0
2021-08-19,1070.0,2021-08-16,31054.0
2021-08-20,6877.0,2021-08-16,31054.0
2021-08-21,10664.0,2021-08-16,31054.0
2021-08-22,1325.0,2021-08-16,31054.0
2021-08-23,3728.0,2021-08-23,54775.0
2021-08-24,3981.0,2021-08-23,54775.0
2021-08-25,8460.0,2021-08-23,54775.0
2021-08-26,6244.0,2021-08-23,54775.0
2021-08-27,16116.0,2021-08-23,54775.0
2021-08-28,8966.0,2021-08-23,54775.0
2021-08-29,7280.0,2021-08-23,54775.0
2021-08-30,4260.0,2021-08-30,37903.0
2021-08-31,6501.0,2021-08-30,37903.0
2021-09-01,8248.0,2021-08-30,37903.0
2021-09-02,2579.0,2021-08-30,37903.0
2021-09-03,6566.0,2021-08-30,37903.0
2021-09-04,2790.0,2021-08-30,37903.0
2021-09-05,6959.0,2021-08-30,37903.0
2021-09-06,6439.0,2021-09-06,45491.0
2021-09-07,11031.0,2021-09-06,45491.0
2021-09-08,4319.0,2021-09-06,45491.0
2021-09-09,8009.0,2021-09-06,45491.0
2021-09-10,3285.0,2021-09-06,45491.0
2021-09-11,10198.0,2021-09-06,45491.0
2021-09-12,2210.0,2021-09-06,45491.0
2021-09-13,3701.0,2021-09-13,43866.0
2021-09-14,3892.0,2021-09-13,43866.0
2021-09-15,5066.0,2021-09-13,43866.0
2021-09-16,8047.0,2021-09-13,43866.0
2021-09-17,3075.0,2021-09-13,43866.0
2021-09-18,9206.0,2021-09-13,43866.0
2021-09-19,10879.0,2021-09-13,43866.0
2021-09-20,4656.0,2021-09-20,15225.0
2021-09-21,7573.0,2021-09-20,15225.0
2021-09-22,2996.0,2021-09-20,15225.0
